periode,kecamatan,jumlah_penduduk,kasus_positif,kasus_meninggal,min_temp,max_temp,avg_temp,avg_humidity,rainfall,avg_wind_speed
1/2016,Banyumanik,"148.624,0","4,0","0,0","21,90","30,00","25,90","91,00","399,00","1,00"
2/2016,Banyumanik,"148.624,0","2,0","0,0","22,00","30,00","26,00","89,00","298,00","1,54"
3/2016,Banyumanik,"148.624,0","5,0","1,0","21,90","30,40","26,10","84,00","250,00","1,54"
4/2016,Banyumanik,"148.624,0","4,0","0,0","22,50","31,60","27,00","86,00","188,00","1,00"
5/2016,Banyumanik,"148.624,0","7,0","1,0","22,20","31,70","26,90","83,00","165,00","1,00"
6/2016,Banyumanik,"148.624,0","5,0","0,0","21,40","32,20","26,80","81,00","79,00","1,00"
7/2016,Banyumanik,"148.624,0","1,0","0,0","20,30","32,20","26,60","81,00","82,00","1,00"
8/2016,Banyumanik,"148.624,0","4,0","0,0","20,60","33,10","26,80","78,00","50,00","1,00"
9/2016,Banyumanik,"148.624,0","6,0","0,0","21,30","33,70","27,50","80,00","67,00","1,00"
10/2016,Banyumanik,"148.624,0","2,0","0,0","21,90","33,40","27,60","83,00","132,00","1,00"
11/2016,Banyumanik,"148.624,0","7,0","0,0","22,50","32,20","27,30","65,00","204,00","0,50"
12/2016,Banyumanik,"148.624,0","8,0","0,0","22,00","31,00","26,50","82,00","268,00","1,54"
1/2016,Candisari,"89.929,0","2,0","0,0","21,90","30,00","25,90","91,00","399,00","1,00"
2/2016,Candisari,"89.929,0","5,0","0,0","22,00","30,00","26,00","89,00","298,00","1,54"
3/2016,Candisari,"89.929,0","5,0","1,0","21,90","30,40","26,10","84,00","250,00","1,54"
4/2016,Candisari,"89.929,0","4,0","1,0","22,50","31,60","27,00","86,00","188,00","1,00"
5/2016,Candisari,"89.929,0","3,0","1,0","22,20","31,70","26,90","83,00","165,00","1,00"
6/2016,Candisari,"89.929,0","5,0","0,0","21,40","32,20","26,80","81,00","79,00","1,00"
7/2016,Candisari,"89.929,0","1,0","0,0","20,30","32,20","26,60","81,00","82,00","1,00"
8/2016,Candisari,"89.929,0","1,0","0,0","20,60","33,10","26,80","78,00","50,00","1,00"
9/2016,Candisari,"89.929,0","1,0","0,0","21,30","33,70","27,50","80,00","67,00","1,00"
10/2016,Candisari,"89.929,0","0,0","0,0","21,90","33,40","27,60","83,00","132,00","1,00"
11/2016,Candisari,"89.929,0","3,0","0,0","22,50","32,20","27,30","65,00","204,00","0,50"
12/2016,Candisari,"89.929,0","2,0","0,0","22,00","31,00","26,50","82,00","268,00","1,54"
1/2016,Gajah Mungkur,"66.687,0","0,0","0,0","21,90","30,00","25,90","91,00","399,00","1,00"
2/2016,Gajah Mungkur,"66.687,0","2,0","1,0","22,00","30,00","26,00","89,00","298,00","1,54"
3/2016,Gajah Mungkur,"66.687,0","2,0","0,0","21,90","30,40","26,10","84,00","250,00","1,54"
4/2016,Gajah Mungkur,"66.687,0","2,0","0,0","22,50","31,60","27,00","86,00","188,00","1,00"
5/2016,Gajah Mungkur,"66.687,0","2,0","1,0","22,20","31,70","26,90","83,00","165,00","1,00"
6/2016,Gajah Mungkur,"66.687,0","1,0","0,0","21,40","32,20","26,80","81,00","79,00","1,00"
7/2016,Gajah Mungkur,"66.687,0","1,0","0,0","20,30","32,20","26,60","81,00","82,00","1,00"
8/2016,Gajah Mungkur,"66.687,0","0,0","0,0","20,60","33,10","26,80","78,00","50,00","1,00"
9/2016,Gajah Mungkur,"66.687,0","0,0","0,0","21,30","33,70","27,50","80,00","67,00","1,00"
10/2016,Gajah Mungkur,"66.687,0","1,0","0,0","21,90","33,40","27,60","83,00","132,00","1,00"
11/2016,Gajah Mungkur,"66.687,0","0,0","0,0","22,50","32,20","27,30","65,00","204,00","0,50"
12/2016,Gajah Mungkur,"66.687,0","0,0","0,0","22,00","31,00","26,50","82,00","268,00","1,54"
1/2016,Gayamsari,"78.639,0","1,0","0,0","21,90","30,00","25,90","91,00","399,00","1,00"
2/2016,Gayamsari,"78.639,0","2,0","0,0","22,00","30,00","26,00","89,00","298,00","1,54"
3/2016,Gayamsari,"78.639,0","2,0","1,0","21,90","30,40","26,10","84,00","250,00","1,54"
4/2016,Gayamsari,"78.639,0","0,0","0,0","22,50","31,60","27,00","86,00","188,00","1,00"
5/2016,Gayamsari,"78.639,0","1,0","0,0","22,20","31,70","26,90","83,00","165,00","1,00"
6/2016,Gayamsari,"78.639,0","1,0","0,0","21,40","32,20","26,80","81,00","79,00","1,00"
7/2016,Gayamsari,"78.639,0","0,0","0,0","20,30","32,20","26,60","81,00","82,00","1,00"
8/2016,Gayamsari,"78.639,0","3,0","0,0","20,60","33,10","26,80","78,00","50,00","1,00"
9/2016,Gayamsari,"78.639,0","2,0","0,0","21,30","33,70","27,50","80,00","67,00","1,00"
10/2016,Gayamsari,"78.639,0","0,0","0,0","21,90","33,40","27,60","83,00","132,00","1,00"
11/2016,Gayamsari,"78.639,0","0,0","0,0","22,50","32,20","27,30","65,00","204,00","0,50"
12/2016,Gayamsari,"78.639,0","2,0","0,0","22,00","31,00","26,50","82,00","268,00","1,54"
1/2016,Genuk,"110.981,0","1,0","0,0","21,90","30,00","25,90","91,00","399,00","1,00"
2/2016,Genuk,"110.981,0","4,0","1,0","22,00","30,00","26,00","89,00","298,00","1,54"
3/2016,Genuk,"110.981,0","5,0","0,0","21,90","30,40","26,10","84,00","250,00","1,54"
4/2016,Genuk,"110.981,0","2,0","0,0","22,50","31,60","27,00","86,00","188,00","1,00"
5/2016,Genuk,"110.981,0","3,0","0,0","22,20","31,70","26,90","83,00","165,00","1,00"
6/2016,Genuk,"110.981,0","6,0","0,0","21,40","32,20","26,80","81,00","79,00","1,00"
7/2016,Genuk,"110.981,0","2,0","0,0","20,30","32,20","26,60","81,00","82,00","1,00"
8/2016,Genuk,"110.981,0","0,0","0,0","20,60","33,10","26,80","78,00","50,00","1,00"
9/2016,Genuk,"110.981,0","1,0","0,0","21,30","33,70","27,50","80,00","67,00","1,00"
10/2016,Genuk,"110.981,0","2,0","0,0","21,90","33,40","27,60","83,00","132,00","1,00"
11/2016,Genuk,"110.981,0","3,0","0,0","22,50","32,20","27,30","65,00","204,00","0,50"
12/2016,Genuk,"110.981,0","1,0","0,0","22,00","31,00","26,50","82,00","268,00","1,54"
1/2016,Gunungpati,"92.903,0","0,0","0,0","21,90","30,00","25,90","91,00","399,00","1,00"
2/2016,Gunungpati,"92.903,0","1,0","0,0","22,00","30,00","26,00","89,00","298,00","1,54"
3/2016,Gunungpati,"92.903,0","1,0","0,0","21,90","30,40","26,10","84,00","250,00","1,54"
4/2016,Gunungpati,"92.903,0","3,0","0,0","22,50","31,60","27,00","86,00","188,00","1,00"
5/2016,Gunungpati,"92.903,0","3,0","0,0","22,20","31,70","26,90","83,00","165,00","1,00"
6/2016,Gunungpati,"92.903,0","1,0","0,0","21,40","32,20","26,80","81,00","79,00","1,00"
7/2016,Gunungpati,"92.903,0","1,0","0,0","20,30","32,20","26,60","81,00","82,00","1,00"
8/2016,Gunungpati,"92.903,0","0,0","0,0","20,60","33,10","26,80","78,00","50,00","1,00"
9/2016,Gunungpati,"92.903,0","0,0","0,0","21,30","33,70","27,50","80,00","67,00","1,00"
10/2016,Gunungpati,"92.903,0","0,0","0,0","21,90","33,40","27,60","83,00","132,00","1,00"
11/2016,Gunungpati,"92.903,0","0,0","0,0","22,50","32,20","27,30","65,00","204,00","0,50"
12/2016,Gunungpati,"92.903,0","0,0","0,0","22,00","31,00","26,50","82,00","268,00","1,54"
1/2016,Mijen,"71.127,0","1,0","0,0","21,90","30,00","25,90","91,00","399,00","1,00"
2/2016,Mijen,"71.127,0","0,0","0,0","22,00","30,00","26,00","89,00","298,00","1,54"
3/2016,Mijen,"71.127,0","0,0","0,0","21,90","30,40","26,10","84,00","250,00","1,54"
4/2016,Mijen,"71.127,0","0,0","0,0","22,50","31,60","27,00","86,00","188,00","1,00"
5/2016,Mijen,"71.127,0","0,0","0,0","22,20","31,70","26,90","83,00","165,00","1,00"
6/2016,Mijen,"71.127,0","1,0","0,0","21,40","32,20","26,80","81,00","79,00","1,00"
7/2016,Mijen,"71.127,0","0,0","0,0","20,30","32,20","26,60","81,00","82,00","1,00"
8/2016,Mijen,"71.127,0","0,0","0,0","20,60","33,10","26,80","78,00","50,00","1,00"
9/2016,Mijen,"71.127,0","0,0","0,0","21,30","33,70","27,50","80,00","67,00","1,00"
10/2016,Mijen,"71.127,0","1,0","0,0","21,90","33,40","27,60","83,00","132,00","1,00"
11/2016,Mijen,"71.127,0","0,0","0,0","22,50","32,20","27,30","65,00","204,00","0,50"
12/2016,Mijen,"71.127,0","0,0","0,0","22,00","31,00","26,50","82,00","268,00","1,54"
1/2016,Ngaliyan,"142.598,0","4,0","1,0","21,90","30,00","25,90","91,00","399,00","1,00"
2/2016,Ngaliyan,"142.598,0","1,0","0,0","22,00","30,00","26,00","89,00","298,00","1,54"
3/2016,Ngaliyan,"142.598,0","6,0","0,0","21,90","30,40","26,10","84,00","250,00","1,54"
4/2016,Ngaliyan,"142.598,0","3,0","1,0","22,50","31,60","27,00","86,00","188,00","1,00"
5/2016,Ngaliyan,"142.598,0","2,0","0,0","22,20","31,70","26,90","83,00","165,00","1,00"
6/2016,Ngaliyan,"142.598,0","3,0","1,0","21,40","32,20","26,80","81,00","79,00","1,00"
7/2016,Ngaliyan,"142.598,0","0,0","0,0","20,30","32,20","26,60","81,00","82,00","1,00"
8/2016,Ngaliyan,"142.598,0","1,0","0,0","20,60","33,10","26,80","78,00","50,00","1,00"
9/2016,Ngaliyan,"142.598,0","1,0","0,0","21,30","33,70","27,50","80,00","67,00","1,00"
10/2016,Ngaliyan,"142.598,0","0,0","0,0","21,90","33,40","27,60","83,00","132,00","1,00"
11/2016,Ngaliyan,"142.598,0","0,0","0,0","22,50","32,20","27,30","65,00","204,00","0,50"
12/2016,Ngaliyan,"142.598,0","1,0","0,0","22,00","31,00","26,50","82,00","268,00","1,54"
1/2016,Pedurungan,"204.565,0","0,0","0,0","21,90","30,00","25,90","91,00","399,00","1,00"
2/2016,Pedurungan,"204.565,0","4,0","0,0","22,00","30,00","26,00","89,00","298,00","1,54"
3/2016,Pedurungan,"204.565,0","12,0","0,0","21,90","30,40","26,10","84,00","250,00","1,54"
4/2016,Pedurungan,"204.565,0","7,0","2,0","22,50","31,60","27,00","86,00","188,00","1,00"
5/2016,Pedurungan,"204.565,0","8,0","0,0","22,20","31,70","26,90","83,00","165,00","1,00"
6/2016,Pedurungan,"204.565,0","8,0","0,0","21,40","32,20","26,80","81,00","79,00","1,00"
7/2016,Pedurungan,"204.565,0","6,0","0,0","20,30","32,20","26,60","81,00","82,00","1,00"
8/2016,Pedurungan,"204.565,0","1,0","0,0","20,60","33,10","26,80","78,00","50,00","1,00"
9/2016,Pedurungan,"204.565,0","3,0","0,0","21,30","33,70","27,50","80,00","67,00","1,00"
10/2016,Pedurungan,"204.565,0","3,0","0,0","21,90","33,40","27,60","83,00","132,00","1,00"
11/2016,Pedurungan,"204.565,0","4,0","0,0","22,50","32,20","27,30","65,00","204,00","0,50"
12/2016,Pedurungan,"204.565,0","0,0","0,0","22,00","31,00","26,50","82,00","268,00","1,54"
1/2016,Semarang Barat,"176.534,0","5,0","0,0","21,90","30,00","25,90","91,00","399,00","1,00"
2/2016,Semarang Barat,"176.534,0","1,0","0,0","22,00","30,00","26,00","89,00","298,00","1,54"
3/2016,Semarang Barat,"176.534,0","1,0","0,0","21,90","30,40","26,10","84,00","250,00","1,54"
4/2016,Semarang Barat,"176.534,0","4,0","1,0","22,50","31,60","27,00","86,00","188,00","1,00"
5/2016,Semarang Barat,"176.534,0","1,0","0,0","22,20","31,70","26,90","83,00","165,00","1,00"
6/2016,Semarang Barat,"176.534,0","2,0","0,0","21,40","32,20","26,80","81,00","79,00","1,00"
7/2016,Semarang Barat,"176.534,0","0,0","0,0","20,30","32,20","26,60","81,00","82,00","1,00"
8/2016,Semarang Barat,"176.534,0","4,0","1,0","20,60","33,10","26,80","78,00","50,00","1,00"
9/2016,Semarang Barat,"176.534,0","0,0","0,0","21,30","33,70","27,50","80,00","67,00","1,00"
10/2016,Semarang Barat,"176.534,0","4,0","0,0","21,90","33,40","27,60","83,00","132,00","1,00"
11/2016,Semarang Barat,"176.534,0","1,0","0,0","22,50","32,20","27,30","65,00","204,00","0,50"
12/2016,Semarang Barat,"176.534,0","2,0","1,0","22,00","31,00","26,50","82,00","268,00","1,54"
1/2016,Semarang Selatan,"84.164,0","2,0","0,0","21,90","30,00","25,90","91,00","399,00","1,00"
2/2016,Semarang Selatan,"84.164,0","7,0","0,0","22,00","30,00","26,00","89,00","298,00","1,54"
3/2016,Semarang Selatan,"84.164,0","1,0","0,0","21,90","30,40","26,10","84,00","250,00","1,54"
4/2016,Semarang Selatan,"84.164,0","2,0","0,0","22,50","31,60","27,00","86,00","188,00","1,00"
5/2016,Semarang Selatan,"84.164,0","1,0","0,0","22,20","31,70","26,90","83,00","165,00","1,00"
6/2016,Semarang Selatan,"84.164,0","1,0","0,0","21,40","32,20","26,80","81,00","79,00","1,00"
7/2016,Semarang Selatan,"84.164,0","0,0","0,0","20,30","32,20","26,60","81,00","82,00","1,00"
8/2016,Semarang Selatan,"84.164,0","2,0","0,0","20,60","33,10","26,80","78,00","50,00","1,00"
9/2016,Semarang Selatan,"84.164,0","0,0","0,0","21,30","33,70","27,50","80,00","67,00","1,00"
10/2016,Semarang Selatan,"84.164,0","1,0","0,0","21,90","33,40","27,60","83,00","132,00","1,00"
11/2016,Semarang Selatan,"84.164,0","2,0","0,0","22,50","32,20","27,30","65,00","204,00","0,50"
12/2016,Semarang Selatan,"84.164,0","5,0","0,0","22,00","31,00","26,50","82,00","268,00","1,54"
1/2016,Semarang Tengah,"69.546,0","2,0","0,0","21,90","30,00","25,90","91,00","399,00","1,00"
2/2016,Semarang Tengah,"69.546,0","1,0","0,0","22,00","30,00","26,00","89,00","298,00","1,54"
3/2016,Semarang Tengah,"69.546,0","1,0","0,0","21,90","30,40","26,10","84,00","250,00","1,54"
4/2016,Semarang Tengah,"69.546,0","0,0","0,0","22,50","31,60","27,00","86,00","188,00","1,00"
5/2016,Semarang Tengah,"69.546,0","3,0","1,0","22,20","31,70","26,90","83,00","165,00","1,00"
6/2016,Semarang Tengah,"69.546,0","0,0","0,0","21,40","32,20","26,80","81,00","79,00","1,00"
7/2016,Semarang Tengah,"69.546,0","2,0","0,0","20,30","32,20","26,60","81,00","82,00","1,00"
8/2016,Semarang Tengah,"69.546,0","0,0","0,0","20,60","33,10","26,80","78,00","50,00","1,00"
9/2016,Semarang Tengah,"69.546,0","0,0","0,0","21,30","33,70","27,50","80,00","67,00","1,00"
10/2016,Semarang Tengah,"69.546,0","4,0","0,0","21,90","33,40","27,60","83,00","132,00","1,00"
11/2016,Semarang Tengah,"69.546,0","1,0","0,0","22,50","32,20","27,30","65,00","204,00","0,50"
12/2016,Semarang Tengah,"69.546,0","0,0","0,0","22,00","31,00","26,50","82,00","268,00","1,54"
1/2016,Semarang Timur,"82.016,0","0,0","0,0","21,90","30,00","25,90","91,00","399,00","1,00"
2/2016,Semarang Timur,"82.016,0","2,0","0,0","22,00","30,00","26,00","89,00","298,00","1,54"
3/2016,Semarang Timur,"82.016,0","0,0","0,0","21,90","30,40","26,10","84,00","250,00","1,54"
4/2016,Semarang Timur,"82.016,0","3,0","0,0","22,50","31,60","27,00","86,00","188,00","1,00"
5/2016,Semarang Timur,"82.016,0","1,0","0,0","22,20","31,70","26,90","83,00","165,00","1,00"
6/2016,Semarang Timur,"82.016,0","0,0","0,0","21,40","32,20","26,80","81,00","79,00","1,00"
7/2016,Semarang Timur,"82.016,0","0,0","0,0","20,30","32,20","26,60","81,00","82,00","1,00"
8/2016,Semarang Timur,"82.016,0","0,0","0,0","20,60","33,10","26,80","78,00","50,00","1,00"
9/2016,Semarang Timur,"82.016,0","0,0","0,0","21,30","33,70","27,50","80,00","67,00","1,00"
10/2016,Semarang Timur,"82.016,0","2,0","0,0","21,90","33,40","27,60","83,00","132,00","1,00"
11/2016,Semarang Timur,"82.016,0","1,0","0,0","22,50","32,20","27,30","65,00","204,00","0,50"
12/2016,Semarang Timur,"82.016,0","1,0","0,0","22,00","31,00","26,50","82,00","268,00","1,54"
1/2016,Semarang Utara,"143.126,0","0,0","0,0","21,90","30,00","25,90","91,00","399,00","1,00"
2/2016,Semarang Utara,"143.126,0","1,0","0,0","22,00","30,00","26,00","89,00","298,00","1,54"
3/2016,Semarang Utara,"143.126,0","1,0","0,0","21,90","30,40","26,10","84,00","250,00","1,54"
4/2016,Semarang Utara,"143.126,0","2,0","0,0","22,50","31,60","27,00","86,00","188,00","1,00"
5/2016,Semarang Utara,"143.126,0","0,0","0,0","22,20","31,70","26,90","83,00","165,00","1,00"
6/2016,Semarang Utara,"143.126,0","3,0","0,0","21,40","32,20","26,80","81,00","79,00","1,00"
7/2016,Semarang Utara,"143.126,0","1,0","0,0","20,30","32,20","26,60","81,00","82,00","1,00"
8/2016,Semarang Utara,"143.126,0","1,0","0,0","20,60","33,10","26,80","78,00","50,00","1,00"
9/2016,Semarang Utara,"143.126,0","0,0","0,0","21,30","33,70","27,50","80,00","67,00","1,00"
10/2016,Semarang Utara,"143.126,0","3,0","0,0","21,90","33,40","27,60","83,00","132,00","1,00"
11/2016,Semarang Utara,"143.126,0","1,0","0,0","22,50","32,20","27,30","65,00","204,00","0,50"
12/2016,Semarang Utara,"143.126,0","0,0","0,0","22,00","31,00","26,50","82,00","268,00","1,54"
1/2016,Tembalang,"180.184,0","2,0","0,0","21,90","30,00","25,90","91,00","399,00","1,00"
2/2016,Tembalang,"180.184,0","11,0","0,0","22,00","30,00","26,00","89,00","298,00","1,54"
3/2016,Tembalang,"180.184,0","21,0","1,0","21,90","30,40","26,10","84,00","250,00","1,54"
4/2016,Tembalang,"180.184,0","12,0","0,0","22,50","31,60","27,00","86,00","188,00","1,00"
5/2016,Tembalang,"180.184,0","13,0","0,0","22,20","31,70","26,90","83,00","165,00","1,00"
6/2016,Tembalang,"180.184,0","8,0","0,0","21,40","32,20","26,80","81,00","79,00","1,00"
7/2016,Tembalang,"180.184,0","5,0","0,0","20,30","32,20","26,60","81,00","82,00","1,00"
8/2016,Tembalang,"180.184,0","11,0","1,0","20,60","33,10","26,80","78,00","50,00","1,00"
9/2016,Tembalang,"180.184,0","12,0","0,0","21,30","33,70","27,50","80,00","67,00","1,00"
10/2016,Tembalang,"180.184,0","11,0","0,0","21,90","33,40","27,60","83,00","132,00","1,00"
11/2016,Tembalang,"180.184,0","11,0","1,0","22,50","32,20","27,30","65,00","204,00","0,50"
12/2016,Tembalang,"180.184,0","7,0","0,0","22,00","31,00","26,50","82,00","268,00","1,54"
1/2016,Tugu,"34.995,0","0,0","0,0","21,90","30,00","25,90","91,00","399,00","1,00"
2/2016,Tugu,"34.995,0","0,0","0,0","22,00","30,00","26,00","89,00","298,00","1,54"
3/2016,Tugu,"34.995,0","1,0","1,0","21,90","30,40","26,10","84,00","250,00","1,54"
4/2016,Tugu,"34.995,0","1,0","0,0","22,50","31,60","27,00","86,00","188,00","1,00"
5/2016,Tugu,"34.995,0","1,0","0,0","22,20","31,70","26,90","83,00","165,00","1,00"
6/2016,Tugu,"34.995,0","0,0","0,0","21,40","32,20","26,80","81,00","79,00","1,00"
7/2016,Tugu,"34.995,0","2,0","1,0","20,30","32,20","26,60","81,00","82,00","1,00"
8/2016,Tugu,"34.995,0","0,0","0,0","20,60","33,10","26,80","78,00","50,00","1,00"
9/2016,Tugu,"34.995,0","0,0","0,0","21,30","33,70","27,50","80,00","67,00","1,00"
10/2016,Tugu,"34.995,0","0,0","0,0","21,90","33,40","27,60","83,00","132,00","1,00"
11/2016,Tugu,"34.995,0","1,0","0,0","22,50","32,20","27,30","65,00","204,00","0,50"
12/2016,Tugu,"34.995,0","0,0","0,0","22,00","31,00","26,50","82,00","268,00","1,54"
1/2017,Banyumanik,"136.866,0","6,0","0,0","21,90","30,00","25,90","91,00","399,00","1,00"
2/2017,Banyumanik,"136.866,0","2,0","0,0","24,31","30,35","26,60","85,50","425,50","3,32"
3/2017,Banyumanik,"136.866,0","2,0","0,0","24,93","31,10","27,71","82,13","213,90","1,87"
4/2017,Banyumanik,"136.866,0","0,0","0,0","25,25","31,92","28,02","82,40","184,50","2,17"
5/2017,Banyumanik,"136.866,0","2,0","0,0","25,00","33,35","28,90","75,42","139,00","3,00"
6/2017,Banyumanik,"136.866,0","1,0","0,0","25,35","32,63","28,23","77,80","181,00","3,73"
7/2017,Banyumanik,"136.866,0","1,0","0,0","24,16","32,97","28,16","74,39","64,50","2,77"
8/2017,Banyumanik,"136.866,0","2,0","0,0","24,01","33,81","28,10","71,94","15,00","3,00"
9/2017,Banyumanik,"136.866,0","2,0","0,0","24,61","34,53","28,91","68,93","108,00","3,33"
10/2017,Banyumanik,"136.866,0","0,0","0,0","24,84","33,23","28,94","77,06","503,00","2,52"
11/2017,Banyumanik,"136.866,0","0,0","0,0","24,67","31,51","27,78","82,77","411,00","2,27"
12/2017,Banyumanik,"136.866,0","2,0","0,0","24,74","30,75","27,60","82,87","291,00","2,58"
1/2017,Candisari,"81.367,0","8,0","0,0","21,90","30,00","25,90","91,00","399,00","1,00"
2/2017,Candisari,"81.367,0","3,0","0,0","24,31","30,35","26,60","85,50","425,50","3,32"
3/2017,Candisari,"81.367,0","2,0","0,0","24,93","31,10","27,71","82,13","213,90","1,87"
4/2017,Candisari,"81.367,0","3,0","0,0","25,25","31,92","28,02","82,40","184,50","2,17"
5/2017,Candisari,"81.367,0","2,0","0,0","25,00","33,35","28,90","75,42","139,00","3,00"
6/2017,Candisari,"81.367,0","0,0","0,0","25,35","32,63","28,23","77,80","181,00","3,73"
7/2017,Candisari,"81.367,0","0,0","0,0","24,16","32,97","28,16","74,39","64,50","2,77"
8/2017,Candisari,"81.367,0","0,0","0,0","24,01","33,81","28,10","71,94","15,00","3,00"
9/2017,Candisari,"81.367,0","0,0","0,0","24,61","34,53","28,91","68,93","108,00","3,33"
10/2017,Candisari,"81.367,0","0,0","0,0","24,84","33,23","28,94","77,06","503,00","2,52"
11/2017,Candisari,"81.367,0","0,0","0,0","24,67","31,51","27,78","82,77","411,00","2,27"
12/2017,Candisari,"81.367,0","0,0","0,0","24,74","30,75","27,60","82,87","291,00","2,58"
1/2017,Gajah Mungkur,"60.080,0","3,0","0,0","21,90","30,00","25,90","91,00","399,00","1,00"
2/2017,Gajah Mungkur,"60.080,0","3,0","0,0","24,31","30,35","26,60","85,50","425,50","3,32"
3/2017,Gajah Mungkur,"60.080,0","1,0","0,0","24,93","31,10","27,71","82,13","213,90","1,87"
4/2017,Gajah Mungkur,"60.080,0","1,0","0,0","25,25","31,92","28,02","82,40","184,50","2,17"
5/2017,Gajah Mungkur,"60.080,0","0,0","0,0","25,00","33,35","28,90","75,42","139,00","3,00"
6/2017,Gajah Mungkur,"60.080,0","0,0","0,0","25,35","32,63","28,23","77,80","181,00","3,73"
7/2017,Gajah Mungkur,"60.080,0","0,0","0,0","24,16","32,97","28,16","74,39","64,50","2,77"
8/2017,Gajah Mungkur,"60.080,0","0,0","0,0","24,01","33,81","28,10","71,94","15,00","3,00"
9/2017,Gajah Mungkur,"60.080,0","0,0","0,0","24,61","34,53","28,91","68,93","108,00","3,33"
10/2017,Gajah Mungkur,"60.080,0","1,0","0,0","24,84","33,23","28,94","77,06","503,00","2,52"
11/2017,Gajah Mungkur,"60.080,0","0,0","0,0","24,67","31,51","27,78","82,77","411,00","2,27"
12/2017,Gajah Mungkur,"60.080,0","0,0","0,0","24,74","30,75","27,60","82,87","291,00","2,58"
1/2017,Gayamsari,"74.158,0","2,0","0,0","21,90","30,00","25,90","91,00","399,00","1,00"
2/2017,Gayamsari,"74.158,0","1,0","0,0","24,31","30,35","26,60","85,50","425,50","3,32"
3/2017,Gayamsari,"74.158,0","1,0","0,0","24,93","31,10","27,71","82,13","213,90","1,87"
4/2017,Gayamsari,"74.158,0","1,0","0,0","25,25","31,92","28,02","82,40","184,50","2,17"
5/2017,Gayamsari,"74.158,0","0,0","0,0","25,00","33,35","28,90","75,42","139,00","3,00"
6/2017,Gayamsari,"74.158,0","0,0","0,0","25,35","32,63","28,23","77,80","181,00","3,73"
7/2017,Gayamsari,"74.158,0","0,0","0,0","24,16","32,97","28,16","74,39","64,50","2,77"
8/2017,Gayamsari,"74.158,0","0,0","0,0","24,01","33,81","28,10","71,94","15,00","3,00"
9/2017,Gayamsari,"74.158,0","0,0","0,0","24,61","34,53","28,91","68,93","108,00","3,33"
10/2017,Gayamsari,"74.158,0","0,0","0,0","24,84","33,23","28,94","77,06","503,00","2,52"
11/2017,Gayamsari,"74.158,0","0,0","0,0","24,67","31,51","27,78","82,77","411,00","2,27"
12/2017,Gayamsari,"74.158,0","1,0","0,0","24,74","30,75","27,60","82,87","291,00","2,58"
1/2017,Genuk,"108.533,0","11,0","0,0","21,90","30,00","25,90","91,00","399,00","1,00"
2/2017,Genuk,"108.533,0","5,0","0,0","24,31","30,35","26,60","85,50","425,50","3,32"
3/2017,Genuk,"108.533,0","8,0","0,0","24,93","31,10","27,71","82,13","213,90","1,87"
4/2017,Genuk,"108.533,0","2,0","0,0","25,25","31,92","28,02","82,40","184,50","2,17"
5/2017,Genuk,"108.533,0","1,0","0,0","25,00","33,35","28,90","75,42","139,00","3,00"
6/2017,Genuk,"108.533,0","1,0","0,0","25,35","32,63","28,23","77,80","181,00","3,73"
7/2017,Genuk,"108.533,0","0,0","0,0","24,16","32,97","28,16","74,39","64,50","2,77"
8/2017,Genuk,"108.533,0","0,0","0,0","24,01","33,81","28,10","71,94","15,00","3,00"
9/2017,Genuk,"108.533,0","0,0","0,0","24,61","34,53","28,91","68,93","108,00","3,33"
10/2017,Genuk,"108.533,0","0,0","0,0","24,84","33,23","28,94","77,06","503,00","2,52"
11/2017,Genuk,"108.533,0","0,0","0,0","24,67","31,51","27,78","82,77","411,00","2,27"
12/2017,Genuk,"108.533,0","1,0","0,0","24,74","30,75","27,60","82,87","291,00","2,58"
1/2017,Gunungpati,"89.809,0","5,0","0,0","21,90","30,00","25,90","91,00","399,00","1,00"
2/2017,Gunungpati,"89.809,0","0,0","0,0","24,31","30,35","26,60","85,50","425,50","3,32"
3/2017,Gunungpati,"89.809,0","1,0","0,0","24,93","31,10","27,71","82,13","213,90","1,87"
4/2017,Gunungpati,"89.809,0","1,0","0,0","25,25","31,92","28,02","82,40","184,50","2,17"
5/2017,Gunungpati,"89.809,0","1,0","0,0","25,00","33,35","28,90","75,42","139,00","3,00"
6/2017,Gunungpati,"89.809,0","0,0","0,0","25,35","32,63","28,23","77,80","181,00","3,73"
7/2017,Gunungpati,"89.809,0","0,0","0,0","24,16","32,97","28,16","74,39","64,50","2,77"
8/2017,Gunungpati,"89.809,0","0,0","0,0","24,01","33,81","28,10","71,94","15,00","3,00"
9/2017,Gunungpati,"89.809,0","0,0","0,0","24,61","34,53","28,91","68,93","108,00","3,33"
10/2017,Gunungpati,"89.809,0","0,0","0,0","24,84","33,23","28,94","77,06","503,00","2,52"
11/2017,Gunungpati,"89.809,0","1,0","0,0","24,67","31,51","27,78","82,77","411,00","2,27"
12/2017,Gunungpati,"89.809,0","0,0","0,0","24,74","30,75","27,60","82,87","291,00","2,58"
1/2017,Mijen,"68.042,0","1,0","0,0","21,90","30,00","25,90","91,00","399,00","1,00"
2/2017,Mijen,"68.042,0","3,0","0,0","24,31","30,35","26,60","85,50","425,50","3,32"
3/2017,Mijen,"68.042,0","2,0","0,0","24,93","31,10","27,71","82,13","213,90","1,87"
4/2017,Mijen,"68.042,0","0,0","0,0","25,25","31,92","28,02","82,40","184,50","2,17"
5/2017,Mijen,"68.042,0","3,0","0,0","25,00","33,35","28,90","75,42","139,00","3,00"
6/2017,Mijen,"68.042,0","1,0","0,0","25,35","32,63","28,23","77,80","181,00","3,73"
7/2017,Mijen,"68.042,0","0,0","0,0","24,16","32,97","28,16","74,39","64,50","2,77"
8/2017,Mijen,"68.042,0","0,0","0,0","24,01","33,81","28,10","71,94","15,00","3,00"
9/2017,Mijen,"68.042,0","0,0","0,0","24,61","34,53","28,91","68,93","108,00","3,33"
10/2017,Mijen,"68.042,0","0,0","0,0","24,84","33,23","28,94","77,06","503,00","2,52"
11/2017,Mijen,"68.042,0","0,0","0,0","24,67","31,51","27,78","82,77","411,00","2,27"
12/2017,Mijen,"68.042,0","0,0","0,0","24,74","30,75","27,60","82,87","291,00","2,58"
1/2017,Ngaliyan,"136.791,0","6,0","0,0","21,90","30,00","25,90","91,00","399,00","1,00"
2/2017,Ngaliyan,"136.791,0","5,0","0,0","24,31","30,35","26,60","85,50","425,50","3,32"
3/2017,Ngaliyan,"136.791,0","2,0","0,0","24,93","31,10","27,71","82,13","213,90","1,87"
4/2017,Ngaliyan,"136.791,0","0,0","0,0","25,25","31,92","28,02","82,40","184,50","2,17"
5/2017,Ngaliyan,"136.791,0","1,0","0,0","25,00","33,35","28,90","75,42","139,00","3,00"
6/2017,Ngaliyan,"136.791,0","0,0","0,0","25,35","32,63","28,23","77,80","181,00","3,73"
7/2017,Ngaliyan,"136.791,0","0,0","0,0","24,16","32,97","28,16","74,39","64,50","2,77"
8/2017,Ngaliyan,"136.791,0","0,0","0,0","24,01","33,81","28,10","71,94","15,00","3,00"
9/2017,Ngaliyan,"136.791,0","0,0","0,0","24,61","34,53","28,91","68,93","108,00","3,33"
10/2017,Ngaliyan,"136.791,0","0,0","0,0","24,84","33,23","28,94","77,06","503,00","2,52"
11/2017,Ngaliyan,"136.791,0","0,0","0,0","24,67","31,51","27,78","82,77","411,00","2,27"
12/2017,Ngaliyan,"136.791,0","0,0","0,0","24,74","30,75","27,60","82,87","291,00","2,58"
1/2017,Pedurungan,"187.938,0","13,0","0,0","21,90","30,00","25,90","91,00","399,00","1,00"
2/2017,Pedurungan,"187.938,0","7,0","0,0","24,31","30,35","26,60","85,50","425,50","3,32"
3/2017,Pedurungan,"187.938,0","5,0","0,0","24,93","31,10","27,71","82,13","213,90","1,87"
4/2017,Pedurungan,"187.938,0","3,0","1,0","25,25","31,92","28,02","82,40","184,50","2,17"
5/2017,Pedurungan,"187.938,0","4,0","0,0","25,00","33,35","28,90","75,42","139,00","3,00"
6/2017,Pedurungan,"187.938,0","2,0","0,0","25,35","32,63","28,23","77,80","181,00","3,73"
7/2017,Pedurungan,"187.938,0","0,0","0,0","24,16","32,97","28,16","74,39","64,50","2,77"
8/2017,Pedurungan,"187.938,0","3,0","0,0","24,01","33,81","28,10","71,94","15,00","3,00"
9/2017,Pedurungan,"187.938,0","1,0","0,0","24,61","34,53","28,91","68,93","108,00","3,33"
10/2017,Pedurungan,"187.938,0","0,0","0,0","24,84","33,23","28,94","77,06","503,00","2,52"
11/2017,Pedurungan,"187.938,0","0,0","0,0","24,67","31,51","27,78","82,77","411,00","2,27"
12/2017,Pedurungan,"187.938,0","1,0","0,0","24,74","30,75","27,60","82,87","291,00","2,58"
1/2017,Semarang Barat,"160.004,0","5,0","0,0","21,90","30,00","25,90","91,00","399,00","1,00"
2/2017,Semarang Barat,"160.004,0","7,0","0,0","24,31","30,35","26,60","85,50","425,50","3,32"
3/2017,Semarang Barat,"160.004,0","9,0","1,0","24,93","31,10","27,71","82,13","213,90","1,87"
4/2017,Semarang Barat,"160.004,0","5,0","0,0","25,25","31,92","28,02","82,40","184,50","2,17"
5/2017,Semarang Barat,"160.004,0","0,0","0,0","25,00","33,35","28,90","75,42","139,00","3,00"
6/2017,Semarang Barat,"160.004,0","0,0","0,0","25,35","32,63","28,23","77,80","181,00","3,73"
7/2017,Semarang Barat,"160.004,0","2,0","0,0","24,16","32,97","28,16","74,39","64,50","2,77"
8/2017,Semarang Barat,"160.004,0","2,0","0,0","24,01","33,81","28,10","71,94","15,00","3,00"
9/2017,Semarang Barat,"160.004,0","0,0","0,0","24,61","34,53","28,91","68,93","108,00","3,33"
10/2017,Semarang Barat,"160.004,0","0,0","0,0","24,84","33,23","28,94","77,06","503,00","2,52"
11/2017,Semarang Barat,"160.004,0","0,0","0,0","24,67","31,51","27,78","82,77","411,00","2,27"
12/2017,Semarang Barat,"160.004,0","1,0","0,0","24,74","30,75","27,60","82,87","291,00","2,58"
1/2017,Semarang Selatan,"75.757,0","3,0","0,0","21,90","30,00","25,90","91,00","399,00","1,00"
2/2017,Semarang Selatan,"75.757,0","1,0","1,0","24,31","30,35","26,60","85,50","425,50","3,32"
3/2017,Semarang Selatan,"75.757,0","1,0","0,0","24,93","31,10","27,71","82,13","213,90","1,87"
4/2017,Semarang Selatan,"75.757,0","1,0","0,0","25,25","31,92","28,02","82,40","184,50","2,17"
5/2017,Semarang Selatan,"75.757,0","0,0","0,0","25,00","33,35","28,90","75,42","139,00","3,00"
6/2017,Semarang Selatan,"75.757,0","2,0","0,0","25,35","32,63","28,23","77,80","181,00","3,73"
7/2017,Semarang Selatan,"75.757,0","0,0","0,0","24,16","32,97","28,16","74,39","64,50","2,77"
8/2017,Semarang Selatan,"75.757,0","0,0","0,0","24,01","33,81","28,10","71,94","15,00","3,00"
9/2017,Semarang Selatan,"75.757,0","1,0","0,0","24,61","34,53","28,91","68,93","108,00","3,33"
10/2017,Semarang Selatan,"75.757,0","0,0","0,0","24,84","33,23","28,94","77,06","503,00","2,52"
11/2017,Semarang Selatan,"75.757,0","0,0","0,0","24,67","31,51","27,78","82,77","411,00","2,27"
12/2017,Semarang Selatan,"75.757,0","0,0","0,0","24,74","30,75","27,60","82,87","291,00","2,58"
1/2017,Semarang Tengah,"62.639,0","0,0","0,0","21,90","30,00","25,90","91,00","399,00","1,00"
2/2017,Semarang Tengah,"62.639,0","2,0","0,0","24,31","30,35","26,60","85,50","425,50","3,32"
3/2017,Semarang Tengah,"62.639,0","2,0","0,0","24,93","31,10","27,71","82,13","213,90","1,87"
4/2017,Semarang Tengah,"62.639,0","0,0","0,0","25,25","31,92","28,02","82,40","184,50","2,17"
5/2017,Semarang Tengah,"62.639,0","0,0","0,0","25,00","33,35","28,90","75,42","139,00","3,00"
6/2017,Semarang Tengah,"62.639,0","0,0","0,0","25,35","32,63","28,23","77,80","181,00","3,73"
7/2017,Semarang Tengah,"62.639,0","0,0","0,0","24,16","32,97","28,16","74,39","64,50","2,77"
8/2017,Semarang Tengah,"62.639,0","0,0","0,0","24,01","33,81","28,10","71,94","15,00","3,00"
9/2017,Semarang Tengah,"62.639,0","0,0","0,0","24,61","34,53","28,91","68,93","108,00","3,33"
10/2017,Semarang Tengah,"62.639,0","0,0","0,0","24,84","33,23","28,94","77,06","503,00","2,52"
11/2017,Semarang Tengah,"62.639,0","1,0","1,0","24,67","31,51","27,78","82,77","411,00","2,27"
12/2017,Semarang Tengah,"62.639,0","0,0","0,0","24,74","30,75","27,60","82,87","291,00","2,58"
1/2017,Semarang Timur,"75.473,0","2,0","0,0","21,90","30,00","25,90","91,00","399,00","1,00"
2/2017,Semarang Timur,"75.473,0","3,0","0,0","24,31","30,35","26,60","85,50","425,50","3,32"
3/2017,Semarang Timur,"75.473,0","4,0","0,0","24,93","31,10","27,71","82,13","213,90","1,87"
4/2017,Semarang Timur,"75.473,0","2,0","0,0","25,25","31,92","28,02","82,40","184,50","2,17"
5/2017,Semarang Timur,"75.473,0","1,0","0,0","25,00","33,35","28,90","75,42","139,00","3,00"
6/2017,Semarang Timur,"75.473,0","0,0","0,0","25,35","32,63","28,23","77,80","181,00","3,73"
7/2017,Semarang Timur,"75.473,0","0,0","0,0","24,16","32,97","28,16","74,39","64,50","2,77"
8/2017,Semarang Timur,"75.473,0","0,0","0,0","24,01","33,81","28,10","71,94","15,00","3,00"
9/2017,Semarang Timur,"75.473,0","0,0","0,0","24,61","34,53","28,91","68,93","108,00","3,33"
10/2017,Semarang Timur,"75.473,0","0,0","0,0","24,84","33,23","28,94","77,06","503,00","2,52"
11/2017,Semarang Timur,"75.473,0","1,0","0,0","24,67","31,51","27,78","82,77","411,00","2,27"
12/2017,Semarang Timur,"75.473,0","0,0","0,0","24,74","30,75","27,60","82,87","291,00","2,58"
1/2017,Semarang Utara,"125.956,0","7,0","0,0","21,90","30,00","25,90","91,00","399,00","1,00"
2/2017,Semarang Utara,"125.956,0","5,0","0,0","24,31","30,35","26,60","85,50","425,50","3,32"
3/2017,Semarang Utara,"125.956,0","2,0","0,0","24,93","31,10","27,71","82,13","213,90","1,87"
4/2017,Semarang Utara,"125.956,0","3,0","2,0","25,25","31,92","28,02","82,40","184,50","2,17"
5/2017,Semarang Utara,"125.956,0","2,0","0,0","25,00","33,35","28,90","75,42","139,00","3,00"
6/2017,Semarang Utara,"125.956,0","0,0","0,0","25,35","32,63","28,23","77,80","181,00","3,73"
7/2017,Semarang Utara,"125.956,0","0,0","0,0","24,16","32,97","28,16","74,39","64,50","2,77"
8/2017,Semarang Utara,"125.956,0","0,0","0,0","24,01","33,81","28,10","71,94","15,00","3,00"
9/2017,Semarang Utara,"125.956,0","0,0","0,0","24,61","34,53","28,91","68,93","108,00","3,33"
10/2017,Semarang Utara,"125.956,0","0,0","0,0","24,84","33,23","28,94","77,06","503,00","2,52"
11/2017,Semarang Utara,"125.956,0","0,0","0,0","24,67","31,51","27,78","82,77","411,00","2,27"
12/2017,Semarang Utara,"125.956,0","0,0","0,0","24,74","30,75","27,60","82,87","291,00","2,58"
1/2017,Tembalang,"171.993,0","22,0","0,0","21,90","30,00","25,90","91,00","399,00","1,00"
2/2017,Tembalang,"171.993,0","13,0","0,0","24,31","30,35","26,60","85,50","425,50","3,32"
3/2017,Tembalang,"171.993,0","9,0","1,0","24,93","31,10","27,71","82,13","213,90","1,87"
4/2017,Tembalang,"171.993,0","2,0","0,0","25,25","31,92","28,02","82,40","184,50","2,17"
5/2017,Tembalang,"171.993,0","4,0","0,0","25,00","33,35","28,90","75,42","139,00","3,00"
6/2017,Tembalang,"171.993,0","2,0","0,0","25,35","32,63","28,23","77,80","181,00","3,73"
7/2017,Tembalang,"171.993,0","5,0","1,0","24,16","32,97","28,16","74,39","64,50","2,77"
8/2017,Tembalang,"171.993,0","1,0","0,0","24,01","33,81","28,10","71,94","15,00","3,00"
9/2017,Tembalang,"171.993,0","0,0","0,0","24,61","34,53","28,91","68,93","108,00","3,33"
10/2017,Tembalang,"171.993,0","3,0","0,0","24,84","33,23","28,94","77,06","503,00","2,52"
11/2017,Tembalang,"171.993,0","0,0","0,0","24,67","31,51","27,78","82,77","411,00","2,27"
12/2017,Tembalang,"171.993,0","2,0","0,0","24,74","30,75","27,60","82,87","291,00","2,58"
1/2017,Tugu,"32.873,0","0,0","0,0","21,90","30,00","25,90","91,00","399,00","1,00"
2/2017,Tugu,"32.873,0","1,0","0,0","24,31","30,35","26,60","85,50","425,50","3,32"
3/2017,Tugu,"32.873,0","3,0","0,0","24,93","31,10","27,71","82,13","213,90","1,87"
4/2017,Tugu,"32.873,0","1,0","0,0","25,25","31,92","28,02","82,40","184,50","2,17"
5/2017,Tugu,"32.873,0","0,0","0,0","25,00","33,35","28,90","75,42","139,00","3,00"
6/2017,Tugu,"32.873,0","0,0","0,0","25,35","32,63","28,23","77,80","181,00","3,73"
7/2017,Tugu,"32.873,0","0,0","0,0","24,16","32,97","28,16","74,39","64,50","2,77"
8/2017,Tugu,"32.873,0","0,0","0,0","24,01","33,81","28,10","71,94","15,00","3,00"
9/2017,Tugu,"32.873,0","0,0","0,0","24,61","34,53","28,91","68,93","108,00","3,33"
10/2017,Tugu,"32.873,0","0,0","0,0","24,84","33,23","28,94","77,06","503,00","2,52"
11/2017,Tugu,"32.873,0","0,0","0,0","24,67","31,51","27,78","82,77","411,00","2,27"
12/2017,Tugu,"32.873,0","0,0","0,0","24,74","30,75","27,60","82,87","291,00","2,58"
1/2018,Banyumanik,"139.927,0","0,0","0,0","24,42","30,55","27,01","83,29","321,40","3,19"
2/2018,Banyumanik,"139.927,0","1,0","0,0","24,04","29,97","26,76","85,64","619,00","3,07"
3/2018,Banyumanik,"139.927,0","0,0","0,0","24,68","30,66","27,51","83,26","284,50","2,52"
4/2018,Banyumanik,"139.927,0","0,0","0,0","25,31","32,96","28,88","77,77","216,50","2,33"
5/2018,Banyumanik,"139.927,0","2,0","0,0","25,72","32,69","29,23","75,16","18,00","3,10"
6/2018,Banyumanik,"139.927,0","1,0","0,0","24,62","33,41","28,59","75,00","45,00","2,37"
7/2018,Banyumanik,"139.927,0","2,0","0,0","23,18","33,30","27,56","71,65","0,00","2,74"
8/2018,Banyumanik,"139.927,0","0,0","0,0","22,74","33,80","27,52","70,03","0,00","2,97"
9/2018,Banyumanik,"139.927,0","1,0","0,0","23,95","34,76","28,58","66,93","29,50","0,00"
10/2018,Banyumanik,"139.927,0","2,0","0,0","24,95","33,15","29,26","71,39","150,50","2,97"
11/2018,Banyumanik,"139.927,0","2,0","0,0","25,07","32,42","28,68","79,47","266,50","2,73"
12/2018,Banyumanik,"139.927,0","6,0","0,0","24,93","31,67","28,08","83,56","269,80","1,58"
1/2018,Candisari,"80.490,0","0,0","0,0","24,42","30,55","27,01","83,29","321,40","3,19"
2/2018,Candisari,"80.490,0","0,0","0,0","24,04","29,97","26,76","85,64","619,00","3,07"
3/2018,Candisari,"80.490,0","0,0","0,0","24,68","30,66","27,51","83,26","284,50","2,52"
4/2018,Candisari,"80.490,0","0,0","0,0","25,31","32,96","28,88","77,77","216,50","2,33"
5/2018,Candisari,"80.490,0","1,0","0,0","25,72","32,69","29,23","75,16","18,00","3,10"
6/2018,Candisari,"80.490,0","0,0","0,0","24,62","33,41","28,59","75,00","45,00","2,37"
7/2018,Candisari,"80.490,0","0,0","0,0","23,18","33,30","27,56","71,65","0,00","2,74"
8/2018,Candisari,"80.490,0","1,0","0,0","22,74","33,80","27,52","70,03","0,00","2,97"
9/2018,Candisari,"80.490,0","0,0","0,0","23,95","34,76","28,58","66,93","29,50","0,00"
10/2018,Candisari,"80.490,0","0,0","0,0","24,95","33,15","29,26","71,39","150,50","2,97"
11/2018,Candisari,"80.490,0","0,0","0,0","25,07","32,42","28,68","79,47","266,50","2,73"
12/2018,Candisari,"80.490,0","7,0","0,0","24,93","31,67","28,08","83,56","269,80","1,58"
1/2018,Gajah Mungkur,"60.146,0","1,0","0,0","24,42","30,55","27,01","83,29","321,40","3,19"
2/2018,Gajah Mungkur,"60.146,0","2,0","0,0","24,04","29,97","26,76","85,64","619,00","3,07"
3/2018,Gajah Mungkur,"60.146,0","1,0","0,0","24,68","30,66","27,51","83,26","284,50","2,52"
4/2018,Gajah Mungkur,"60.146,0","0,0","0,0","25,31","32,96","28,88","77,77","216,50","2,33"
5/2018,Gajah Mungkur,"60.146,0","0,0","0,0","25,72","32,69","29,23","75,16","18,00","3,10"
6/2018,Gajah Mungkur,"60.146,0","1,0","0,0","24,62","33,41","28,59","75,00","45,00","2,37"
7/2018,Gajah Mungkur,"60.146,0","0,0","0,0","23,18","33,30","27,56","71,65","0,00","2,74"
8/2018,Gajah Mungkur,"60.146,0","0,0","0,0","22,74","33,80","27,52","70,03","0,00","2,97"
9/2018,Gajah Mungkur,"60.146,0","0,0","0,0","23,95","34,76","28,58","66,93","29,50","0,00"
10/2018,Gajah Mungkur,"60.146,0","0,0","0,0","24,95","33,15","29,26","71,39","150,50","2,97"
11/2018,Gajah Mungkur,"60.146,0","0,0","0,0","25,07","32,42","28,68","79,47","266,50","2,73"
12/2018,Gajah Mungkur,"60.146,0","3,0","0,0","24,93","31,67","28,08","83,56","269,80","1,58"
1/2018,Gayamsari,"73.954,0","1,0","0,0","24,42","30,55","27,01","83,29","321,40","3,19"
2/2018,Gayamsari,"73.954,0","1,0","0,0","24,04","29,97","26,76","85,64","619,00","3,07"
3/2018,Gayamsari,"73.954,0","0,0","0,0","24,68","30,66","27,51","83,26","284,50","2,52"
4/2018,Gayamsari,"73.954,0","1,0","0,0","25,31","32,96","28,88","77,77","216,50","2,33"
5/2018,Gayamsari,"73.954,0","0,0","0,0","25,72","32,69","29,23","75,16","18,00","3,10"
6/2018,Gayamsari,"73.954,0","0,0","0,0","24,62","33,41","28,59","75,00","45,00","2,37"
7/2018,Gayamsari,"73.954,0","0,0","0,0","23,18","33,30","27,56","71,65","0,00","2,74"
8/2018,Gayamsari,"73.954,0","0,0","0,0","22,74","33,80","27,52","70,03","0,00","2,97"
9/2018,Gayamsari,"73.954,0","0,0","0,0","23,95","34,76","28,58","66,93","29,50","0,00"
10/2018,Gayamsari,"73.954,0","0,0","0,0","24,95","33,15","29,26","71,39","150,50","2,97"
11/2018,Gayamsari,"73.954,0","0,0","0,0","25,07","32,42","28,68","79,47","266,50","2,73"
12/2018,Gayamsari,"73.954,0","0,0","0,0","24,93","31,67","28,08","83,56","269,80","1,58"
1/2018,Genuk,"114.252,0","0,0","0,0","24,42","30,55","27,01","83,29","321,40","3,19"
2/2018,Genuk,"114.252,0","4,0","0,0","24,04","29,97","26,76","85,64","619,00","3,07"
3/2018,Genuk,"114.252,0","1,0","0,0","24,68","30,66","27,51","83,26","284,50","2,52"
4/2018,Genuk,"114.252,0","1,0","0,0","25,31","32,96","28,88","77,77","216,50","2,33"
5/2018,Genuk,"114.252,0","1,0","0,0","25,72","32,69","29,23","75,16","18,00","3,10"
6/2018,Genuk,"114.252,0","0,0","0,0","24,62","33,41","28,59","75,00","45,00","2,37"
7/2018,Genuk,"114.252,0","1,0","0,0","23,18","33,30","27,56","71,65","0,00","2,74"
8/2018,Genuk,"114.252,0","0,0","0,0","22,74","33,80","27,52","70,03","0,00","2,97"
9/2018,Genuk,"114.252,0","0,0","0,0","23,95","34,76","28,58","66,93","29,50","0,00"
10/2018,Genuk,"114.252,0","1,0","0,0","24,95","33,15","29,26","71,39","150,50","2,97"
11/2018,Genuk,"114.252,0","1,0","0,0","25,07","32,42","28,68","79,47","266,50","2,73"
12/2018,Genuk,"114.252,0","0,0","0,0","24,93","31,67","28,08","83,56","269,80","1,58"
1/2018,Gunungpati,"93.866,0","1,0","0,0","24,42","30,55","27,01","83,29","321,40","3,19"
2/2018,Gunungpati,"93.866,0","2,0","0,0","24,04","29,97","26,76","85,64","619,00","3,07"
3/2018,Gunungpati,"93.866,0","1,0","0,0","24,68","30,66","27,51","83,26","284,50","2,52"
4/2018,Gunungpati,"93.866,0","0,0","0,0","25,31","32,96","28,88","77,77","216,50","2,33"
5/2018,Gunungpati,"93.866,0","1,0","0,0","25,72","32,69","29,23","75,16","18,00","3,10"
6/2018,Gunungpati,"93.866,0","0,0","0,0","24,62","33,41","28,59","75,00","45,00","2,37"
7/2018,Gunungpati,"93.866,0","0,0","0,0","23,18","33,30","27,56","71,65","0,00","2,74"
8/2018,Gunungpati,"93.866,0","0,0","0,0","22,74","33,80","27,52","70,03","0,00","2,97"
9/2018,Gunungpati,"93.866,0","0,0","0,0","23,95","34,76","28,58","66,93","29,50","0,00"
10/2018,Gunungpati,"93.866,0","0,0","0,0","24,95","33,15","29,26","71,39","150,50","2,97"
11/2018,Gunungpati,"93.866,0","0,0","0,0","25,07","32,42","28,68","79,47","266,50","2,73"
12/2018,Gunungpati,"93.866,0","0,0","0,0","24,93","31,67","28,08","83,56","269,80","1,58"
1/2018,Mijen,"73.479,0","0,0","0,0","24,42","30,55","27,01","83,29","321,40","3,19"
2/2018,Mijen,"73.479,0","0,0","0,0","24,04","29,97","26,76","85,64","619,00","3,07"
3/2018,Mijen,"73.479,0","0,0","0,0","24,68","30,66","27,51","83,26","284,50","2,52"
4/2018,Mijen,"73.479,0","0,0","0,0","25,31","32,96","28,88","77,77","216,50","2,33"
5/2018,Mijen,"73.479,0","0,0","0,0","25,72","32,69","29,23","75,16","18,00","3,10"
6/2018,Mijen,"73.479,0","0,0","0,0","24,62","33,41","28,59","75,00","45,00","2,37"
7/2018,Mijen,"73.479,0","0,0","0,0","23,18","33,30","27,56","71,65","0,00","2,74"
8/2018,Mijen,"73.479,0","0,0","0,0","22,74","33,80","27,52","70,03","0,00","2,97"
9/2018,Mijen,"73.479,0","0,0","0,0","23,95","34,76","28,58","66,93","29,50","0,00"
10/2018,Mijen,"73.479,0","0,0","0,0","24,95","33,15","29,26","71,39","150,50","2,97"
11/2018,Mijen,"73.479,0","0,0","0,0","25,07","32,42","28,68","79,47","266,50","2,73"
12/2018,Mijen,"73.479,0","1,0","0,0","24,93","31,67","28,08","83,56","269,80","1,58"
1/2018,Ngaliyan,"138.618,0","0,0","0,0","24,42","30,55","27,01","83,29","321,40","3,19"
2/2018,Ngaliyan,"138.618,0","1,0","0,0","24,04","29,97","26,76","85,64","619,00","3,07"
3/2018,Ngaliyan,"138.618,0","1,0","0,0","24,68","30,66","27,51","83,26","284,50","2,52"
4/2018,Ngaliyan,"138.618,0","1,0","0,0","25,31","32,96","28,88","77,77","216,50","2,33"
5/2018,Ngaliyan,"138.618,0","0,0","0,0","25,72","32,69","29,23","75,16","18,00","3,10"
6/2018,Ngaliyan,"138.618,0","1,0","0,0","24,62","33,41","28,59","75,00","45,00","2,37"
7/2018,Ngaliyan,"138.618,0","0,0","0,0","23,18","33,30","27,56","71,65","0,00","2,74"
8/2018,Ngaliyan,"138.618,0","1,0","0,0","22,74","33,80","27,52","70,03","0,00","2,97"
9/2018,Ngaliyan,"138.618,0","0,0","0,0","23,95","34,76","28,58","66,93","29,50","0,00"
10/2018,Ngaliyan,"138.618,0","0,0","0,0","24,95","33,15","29,26","71,39","150,50","2,97"
11/2018,Ngaliyan,"138.618,0","0,0","0,0","25,07","32,42","28,68","79,47","266,50","2,73"
12/2018,Ngaliyan,"138.618,0","2,0","0,0","24,93","31,67","28,08","83,56","269,80","1,58"
1/2018,Pedurungan,"192.798,0","1,0","0,0","24,42","30,55","27,01","83,29","321,40","3,19"
2/2018,Pedurungan,"192.798,0","0,0","0,0","24,04","29,97","26,76","85,64","619,00","3,07"
3/2018,Pedurungan,"192.798,0","1,0","0,0","24,68","30,66","27,51","83,26","284,50","2,52"
4/2018,Pedurungan,"192.798,0","4,0","0,0","25,31","32,96","28,88","77,77","216,50","2,33"
5/2018,Pedurungan,"192.798,0","0,0","0,0","25,72","32,69","29,23","75,16","18,00","3,10"
6/2018,Pedurungan,"192.798,0","2,0","0,0","24,62","33,41","28,59","75,00","45,00","2,37"
7/2018,Pedurungan,"192.798,0","2,0","0,0","23,18","33,30","27,56","71,65","0,00","2,74"
8/2018,Pedurungan,"192.798,0","3,0","0,0","22,74","33,80","27,52","70,03","0,00","2,97"
9/2018,Pedurungan,"192.798,0","2,0","0,0","23,95","34,76","28,58","66,93","29,50","0,00"
10/2018,Pedurungan,"192.798,0","0,0","0,0","24,95","33,15","29,26","71,39","150,50","2,97"
11/2018,Pedurungan,"192.798,0","1,0","0,0","25,07","32,42","28,68","79,47","266,50","2,73"
12/2018,Pedurungan,"192.798,0","2,0","0,0","24,93","31,67","28,08","83,56","269,80","1,58"
1/2018,Semarang Barat,"159.018,0","0,0","0,0","24,42","30,55","27,01","83,29","321,40","3,19"
2/2018,Semarang Barat,"159.018,0","0,0","0,0","24,04","29,97","26,76","85,64","619,00","3,07"
3/2018,Semarang Barat,"159.018,0","0,0","0,0","24,68","30,66","27,51","83,26","284,50","2,52"
4/2018,Semarang Barat,"159.018,0","0,0","0,0","25,31","32,96","28,88","77,77","216,50","2,33"
5/2018,Semarang Barat,"159.018,0","1,0","0,0","25,72","32,69","29,23","75,16","18,00","3,10"
6/2018,Semarang Barat,"159.018,0","0,0","0,0","24,62","33,41","28,59","75,00","45,00","2,37"
7/2018,Semarang Barat,"159.018,0","0,0","0,0","23,18","33,30","27,56","71,65","0,00","2,74"
8/2018,Semarang Barat,"159.018,0","0,0","0,0","22,74","33,80","27,52","70,03","0,00","2,97"
9/2018,Semarang Barat,"159.018,0","1,0","0,0","23,95","34,76","28,58","66,93","29,50","0,00"
10/2018,Semarang Barat,"159.018,0","0,0","0,0","24,95","33,15","29,26","71,39","150,50","2,97"
11/2018,Semarang Barat,"159.018,0","0,0","0,0","25,07","32,42","28,68","79,47","266,50","2,73"
12/2018,Semarang Barat,"159.018,0","1,0","0,0","24,93","31,67","28,08","83,56","269,80","1,58"
1/2018,Semarang Selatan,"69.375,0","0,0","0,0","24,42","30,55","27,01","83,29","321,40","3,19"
2/2018,Semarang Selatan,"69.375,0","0,0","0,0","24,04","29,97","26,76","85,64","619,00","3,07"
3/2018,Semarang Selatan,"69.375,0","0,0","0,0","24,68","30,66","27,51","83,26","284,50","2,52"
4/2018,Semarang Selatan,"69.375,0","0,0","0,0","25,31","32,96","28,88","77,77","216,50","2,33"
5/2018,Semarang Selatan,"69.375,0","1,0","0,0","25,72","32,69","29,23","75,16","18,00","3,10"
6/2018,Semarang Selatan,"69.375,0","0,0","0,0","24,62","33,41","28,59","75,00","45,00","2,37"
7/2018,Semarang Selatan,"69.375,0","0,0","0,0","23,18","33,30","27,56","71,65","0,00","2,74"
8/2018,Semarang Selatan,"69.375,0","0,0","0,0","22,74","33,80","27,52","70,03","0,00","2,97"
9/2018,Semarang Selatan,"69.375,0","0,0","0,0","23,95","34,76","28,58","66,93","29,50","0,00"
10/2018,Semarang Selatan,"69.375,0","0,0","0,0","24,95","33,15","29,26","71,39","150,50","2,97"
11/2018,Semarang Selatan,"69.375,0","0,0","0,0","25,07","32,42","28,68","79,47","266,50","2,73"
12/2018,Semarang Selatan,"69.375,0","0,0","0,0","24,93","31,67","28,08","83,56","269,80","1,58"
1/2018,Semarang Tengah,"61.073,0","0,0","0,0","24,42","30,55","27,01","83,29","321,40","3,19"
2/2018,Semarang Tengah,"61.073,0","0,0","0,0","24,04","29,97","26,76","85,64","619,00","3,07"
3/2018,Semarang Tengah,"61.073,0","0,0","0,0","24,68","30,66","27,51","83,26","284,50","2,52"
4/2018,Semarang Tengah,"61.073,0","0,0","0,0","25,31","32,96","28,88","77,77","216,50","2,33"
5/2018,Semarang Tengah,"61.073,0","1,0","0,0","25,72","32,69","29,23","75,16","18,00","3,10"
6/2018,Semarang Tengah,"61.073,0","0,0","0,0","24,62","33,41","28,59","75,00","45,00","2,37"
7/2018,Semarang Tengah,"61.073,0","0,0","0,0","23,18","33,30","27,56","71,65","0,00","2,74"
8/2018,Semarang Tengah,"61.073,0","0,0","0,0","22,74","33,80","27,52","70,03","0,00","2,97"
9/2018,Semarang Tengah,"61.073,0","0,0","0,0","23,95","34,76","28,58","66,93","29,50","0,00"
10/2018,Semarang Tengah,"61.073,0","0,0","0,0","24,95","33,15","29,26","71,39","150,50","2,97"
11/2018,Semarang Tengah,"61.073,0","0,0","0,0","25,07","32,42","28,68","79,47","266,50","2,73"
12/2018,Semarang Tengah,"61.073,0","1,0","0,0","24,93","31,67","28,08","83,56","269,80","1,58"
1/2018,Semarang Timur,"73.491,0","0,0","0,0","24,42","30,55","27,01","83,29","321,40","3,19"
2/2018,Semarang Timur,"73.491,0","0,0","0,0","24,04","29,97","26,76","85,64","619,00","3,07"
3/2018,Semarang Timur,"73.491,0","1,0","0,0","24,68","30,66","27,51","83,26","284,50","2,52"
4/2018,Semarang Timur,"73.491,0","0,0","0,0","25,31","32,96","28,88","77,77","216,50","2,33"
5/2018,Semarang Timur,"73.491,0","1,0","0,0","25,72","32,69","29,23","75,16","18,00","3,10"
6/2018,Semarang Timur,"73.491,0","0,0","0,0","24,62","33,41","28,59","75,00","45,00","2,37"
7/2018,Semarang Timur,"73.491,0","1,0","0,0","23,18","33,30","27,56","71,65","0,00","2,74"
8/2018,Semarang Timur,"73.491,0","0,0","0,0","22,74","33,80","27,52","70,03","0,00","2,97"
9/2018,Semarang Timur,"73.491,0","0,0","0,0","23,95","34,76","28,58","66,93","29,50","0,00"
10/2018,Semarang Timur,"73.491,0","0,0","0,0","24,95","33,15","29,26","71,39","150,50","2,97"
11/2018,Semarang Timur,"73.491,0","0,0","0,0","25,07","32,42","28,68","79,47","266,50","2,73"
12/2018,Semarang Timur,"73.491,0","0,0","0,0","24,93","31,67","28,08","83,56","269,80","1,58"
1/2018,Semarang Utara,"125.795,0","0,0","0,0","24,42","30,55","27,01","83,29","321,40","3,19"
2/2018,Semarang Utara,"125.795,0","0,0","0,0","24,04","29,97","26,76","85,64","619,00","3,07"
3/2018,Semarang Utara,"125.795,0","0,0","0,0","24,68","30,66","27,51","83,26","284,50","2,52"
4/2018,Semarang Utara,"125.795,0","0,0","0,0","25,31","32,96","28,88","77,77","216,50","2,33"
5/2018,Semarang Utara,"125.795,0","0,0","0,0","25,72","32,69","29,23","75,16","18,00","3,10"
6/2018,Semarang Utara,"125.795,0","0,0","0,0","24,62","33,41","28,59","75,00","45,00","2,37"
7/2018,Semarang Utara,"125.795,0","1,0","0,0","23,18","33,30","27,56","71,65","0,00","2,74"
8/2018,Semarang Utara,"125.795,0","0,0","0,0","22,74","33,80","27,52","70,03","0,00","2,97"
9/2018,Semarang Utara,"125.795,0","0,0","0,0","23,95","34,76","28,58","66,93","29,50","0,00"
10/2018,Semarang Utara,"125.795,0","0,0","0,0","24,95","33,15","29,26","71,39","150,50","2,97"
11/2018,Semarang Utara,"125.795,0","0,0","0,0","25,07","32,42","28,68","79,47","266,50","2,73"
12/2018,Semarang Utara,"125.795,0","1,0","0,0","24,93","31,67","28,08","83,56","269,80","1,58"
1/2018,Tembalang,"178.830,0","1,0","0,0","24,42","30,55","27,01","83,29","321,40","3,19"
2/2018,Tembalang,"178.830,0","1,0","0,0","24,04","29,97","26,76","85,64","619,00","3,07"
3/2018,Tembalang,"178.830,0","3,0","1,0","24,68","30,66","27,51","83,26","284,50","2,52"
4/2018,Tembalang,"178.830,0","0,0","0,0","25,31","32,96","28,88","77,77","216,50","2,33"
5/2018,Tembalang,"178.830,0","1,0","0,0","25,72","32,69","29,23","75,16","18,00","3,10"
6/2018,Tembalang,"178.830,0","1,0","0,0","24,62","33,41","28,59","75,00","45,00","2,37"
7/2018,Tembalang,"178.830,0","2,0","0,0","23,18","33,30","27,56","71,65","0,00","2,74"
8/2018,Tembalang,"178.830,0","0,0","0,0","22,74","33,80","27,52","70,03","0,00","2,97"
9/2018,Tembalang,"178.830,0","0,0","0,0","23,95","34,76","28,58","66,93","29,50","0,00"
10/2018,Tembalang,"178.830,0","1,0","0,0","24,95","33,15","29,26","71,39","150,50","2,97"
11/2018,Tembalang,"178.830,0","0,0","0,0","25,07","32,42","28,68","79,47","266,50","2,73"
12/2018,Tembalang,"178.830,0","3,0","0,0","24,93","31,67","28,08","83,56","269,80","1,58"
1/2018,Tugu,"33.466,0","0,0","0,0","24,42","30,55","27,01","83,29","321,40","3,19"
2/2018,Tugu,"33.466,0","0,0","0,0","24,04","29,97","26,76","85,64","619,00","3,07"
3/2018,Tugu,"33.466,0","0,0","0,0","24,68","30,66","27,51","83,26","284,50","2,52"
4/2018,Tugu,"33.466,0","1,0","0,0","25,31","32,96","28,88","77,77","216,50","2,33"
5/2018,Tugu,"33.466,0","0,0","0,0","25,72","32,69","29,23","75,16","18,00","3,10"
6/2018,Tugu,"33.466,0","0,0","0,0","24,62","33,41","28,59","75,00","45,00","2,37"
7/2018,Tugu,"33.466,0","0,0","0,0","23,18","33,30","27,56","71,65","0,00","2,74"
8/2018,Tugu,"33.466,0","0,0","0,0","22,74","33,80","27,52","70,03","0,00","2,97"
9/2018,Tugu,"33.466,0","0,0","0,0","23,95","34,76","28,58","66,93","29,50","0,00"
10/2018,Tugu,"33.466,0","0,0","0,0","24,95","33,15","29,26","71,39","150,50","2,97"
11/2018,Tugu,"33.466,0","0,0","0,0","25,07","32,42","28,68","79,47","266,50","2,73"
12/2018,Tugu,"33.466,0","0,0","0,0","24,93","31,67","28,08","83,56","269,80","1,58"
1/2019,Banyumanik,"139.927,0","8,0","0,0","24,98","30,72","27,61","84,92","228,20","2,05"
2/2019,Banyumanik,"139.927,0","10,0","1,0","24,72","31,58","27,94","83,66","240,30","1,70"
3/2019,Banyumanik,"139.927,0","6,0","0,0","24,82","31,25","27,60","87,03","172,20","1,58"
4/2019,Banyumanik,"139.927,0","4,0","0,0","25,55","32,76","28,63","81,58","221,55","1,78"
5/2019,Banyumanik,"139.927,0","9,0","0,0","25,03","33,28","28,90","76,10","185,50","2,00"
6/2019,Banyumanik,"139.927,0","3,0","0,0","23,79","33,54","28,27","72,43","1,00","1,93"
7/2019,Banyumanik,"139.927,0","0,0","0,0","22,92","33,72","27,84","68,90","1,20","2,48"
8/2019,Banyumanik,"139.927,0","1,0","0,0","23,16","34,08","28,01","66,10","1,80","2,71"
9/2019,Banyumanik,"139.927,0","0,0","0,0","23,88","35,03","28,75","66,42","10,70","2,73"
10/2019,Banyumanik,"139.927,0","0,0","0,0","24,83","35,74","29,82","71,84","8,20","2,13"
11/2019,Banyumanik,"139.927,0","0,0","0,0","25,51","34,90","30,09","75,40","97,30","2,13"
12/2019,Banyumanik,"139.927,0","1,0","0,0","25,15","32,22","28,63","84,11","246,25","1,81"
1/2019,Candisari,"80.490,0","7,0","0,0","24,98","30,72","27,61","84,92","228,20","2,05"
2/2019,Candisari,"80.490,0","8,0","1,0","24,72","31,58","27,94","83,66","240,30","1,70"
3/2019,Candisari,"80.490,0","6,0","2,0","24,82","31,25","27,60","87,03","172,20","1,58"
4/2019,Candisari,"80.490,0","14,0","0,0","25,55","32,76","28,63","81,58","221,55","1,78"
5/2019,Candisari,"80.490,0","0,0","0,0","25,03","33,28","28,90","76,10","185,50","2,00"
6/2019,Candisari,"80.490,0","1,0","0,0","23,79","33,54","28,27","72,43","1,00","1,93"
7/2019,Candisari,"80.490,0","0,0","0,0","22,92","33,72","27,84","68,90","1,20","2,48"
8/2019,Candisari,"80.490,0","0,0","0,0","23,16","34,08","28,01","66,10","1,80","2,71"
9/2019,Candisari,"80.490,0","0,0","0,0","23,88","35,03","28,75","66,42","10,70","2,73"
10/2019,Candisari,"80.490,0","0,0","0,0","24,83","35,74","29,82","71,84","8,20","2,13"
11/2019,Candisari,"80.490,0","0,0","0,0","25,51","34,90","30,09","75,40","97,30","2,13"
12/2019,Candisari,"80.490,0","0,0","0,0","25,15","32,22","28,63","84,11","246,25","1,81"
1/2019,Gajah Mungkur,"60.146,0","7,0","0,0","24,98","30,72","27,61","84,92","228,20","2,05"
2/2019,Gajah Mungkur,"60.146,0","2,0","0,0","24,72","31,58","27,94","83,66","240,30","1,70"
3/2019,Gajah Mungkur,"60.146,0","1,0","0,0","24,82","31,25","27,60","87,03","172,20","1,58"
4/2019,Gajah Mungkur,"60.146,0","1,0","0,0","25,55","32,76","28,63","81,58","221,55","1,78"
5/2019,Gajah Mungkur,"60.146,0","2,0","0,0","25,03","33,28","28,90","76,10","185,50","2,00"
6/2019,Gajah Mungkur,"60.146,0","1,0","0,0","23,79","33,54","28,27","72,43","1,00","1,93"
7/2019,Gajah Mungkur,"60.146,0","0,0","0,0","22,92","33,72","27,84","68,90","1,20","2,48"
8/2019,Gajah Mungkur,"60.146,0","3,0","1,0","23,16","34,08","28,01","66,10","1,80","2,71"
9/2019,Gajah Mungkur,"60.146,0","0,0","0,0","23,88","35,03","28,75","66,42","10,70","2,73"
10/2019,Gajah Mungkur,"60.146,0","0,0","0,0","24,83","35,74","29,82","71,84","8,20","2,13"
11/2019,Gajah Mungkur,"60.146,0","0,0","0,0","25,51","34,90","30,09","75,40","97,30","2,13"
12/2019,Gajah Mungkur,"60.146,0","0,0","0,0","25,15","32,22","28,63","84,11","246,25","1,81"
1/2019,Gayamsari,"73.954,0","2,0","0,0","24,98","30,72","27,61","84,92","228,20","2,05"
2/2019,Gayamsari,"73.954,0","1,0","0,0","24,72","31,58","27,94","83,66","240,30","1,70"
3/2019,Gayamsari,"73.954,0","6,0","0,0","24,82","31,25","27,60","87,03","172,20","1,58"
4/2019,Gayamsari,"73.954,0","0,0","0,0","25,55","32,76","28,63","81,58","221,55","1,78"
5/2019,Gayamsari,"73.954,0","2,0","0,0","25,03","33,28","28,90","76,10","185,50","2,00"
6/2019,Gayamsari,"73.954,0","0,0","0,0","23,79","33,54","28,27","72,43","1,00","1,93"
7/2019,Gayamsari,"73.954,0","0,0","0,0","22,92","33,72","27,84","68,90","1,20","2,48"
8/2019,Gayamsari,"73.954,0","0,0","0,0","23,16","34,08","28,01","66,10","1,80","2,71"
9/2019,Gayamsari,"73.954,0","0,0","0,0","23,88","35,03","28,75","66,42","10,70","2,73"
10/2019,Gayamsari,"73.954,0","0,0","0,0","24,83","35,74","29,82","71,84","8,20","2,13"
11/2019,Gayamsari,"73.954,0","0,0","0,0","25,51","34,90","30,09","75,40","97,30","2,13"
12/2019,Gayamsari,"73.954,0","0,0","0,0","25,15","32,22","28,63","84,11","246,25","1,81"
1/2019,Genuk,"114.252,0","1,0","0,0","24,98","30,72","27,61","84,92","228,20","2,05"
2/2019,Genuk,"114.252,0","3,0","0,0","24,72","31,58","27,94","83,66","240,30","1,70"
3/2019,Genuk,"114.252,0","3,0","0,0","24,82","31,25","27,60","87,03","172,20","1,58"
4/2019,Genuk,"114.252,0","4,0","0,0","25,55","32,76","28,63","81,58","221,55","1,78"
5/2019,Genuk,"114.252,0","6,0","0,0","25,03","33,28","28,90","76,10","185,50","2,00"
6/2019,Genuk,"114.252,0","0,0","0,0","23,79","33,54","28,27","72,43","1,00","1,93"
7/2019,Genuk,"114.252,0","0,0","0,0","22,92","33,72","27,84","68,90","1,20","2,48"
8/2019,Genuk,"114.252,0","0,0","0,0","23,16","34,08","28,01","66,10","1,80","2,71"
9/2019,Genuk,"114.252,0","0,0","0,0","23,88","35,03","28,75","66,42","10,70","2,73"
10/2019,Genuk,"114.252,0","0,0","0,0","24,83","35,74","29,82","71,84","8,20","2,13"
11/2019,Genuk,"114.252,0","0,0","0,0","25,51","34,90","30,09","75,40","97,30","2,13"
12/2019,Genuk,"114.252,0","0,0","0,0","25,15","32,22","28,63","84,11","246,25","1,81"
1/2019,Gunungpati,"93.866,0","3,0","0,0","24,98","30,72","27,61","84,92","228,20","2,05"
2/2019,Gunungpati,"93.866,0","2,0","0,0","24,72","31,58","27,94","83,66","240,30","1,70"
3/2019,Gunungpati,"93.866,0","3,0","0,0","24,82","31,25","27,60","87,03","172,20","1,58"
4/2019,Gunungpati,"93.866,0","1,0","0,0","25,55","32,76","28,63","81,58","221,55","1,78"
5/2019,Gunungpati,"93.866,0","3,0","0,0","25,03","33,28","28,90","76,10","185,50","2,00"
6/2019,Gunungpati,"93.866,0","2,0","0,0","23,79","33,54","28,27","72,43","1,00","1,93"
7/2019,Gunungpati,"93.866,0","0,0","0,0","22,92","33,72","27,84","68,90","1,20","2,48"
8/2019,Gunungpati,"93.866,0","1,0","0,0","23,16","34,08","28,01","66,10","1,80","2,71"
9/2019,Gunungpati,"93.866,0","0,0","0,0","23,88","35,03","28,75","66,42","10,70","2,73"
10/2019,Gunungpati,"93.866,0","1,0","0,0","24,83","35,74","29,82","71,84","8,20","2,13"
11/2019,Gunungpati,"93.866,0","4,0","0,0","25,51","34,90","30,09","75,40","97,30","2,13"
12/2019,Gunungpati,"93.866,0","2,0","0,0","25,15","32,22","28,63","84,11","246,25","1,81"
1/2019,Mijen,"73.479,0","0,0","0,0","24,98","30,72","27,61","84,92","228,20","2,05"
2/2019,Mijen,"73.479,0","3,0","0,0","24,72","31,58","27,94","83,66","240,30","1,70"
3/2019,Mijen,"73.479,0","4,0","1,0","24,82","31,25","27,60","87,03","172,20","1,58"
4/2019,Mijen,"73.479,0","2,0","0,0","25,55","32,76","28,63","81,58","221,55","1,78"
5/2019,Mijen,"73.479,0","1,0","0,0","25,03","33,28","28,90","76,10","185,50","2,00"
6/2019,Mijen,"73.479,0","3,0","0,0","23,79","33,54","28,27","72,43","1,00","1,93"
7/2019,Mijen,"73.479,0","1,0","1,0","22,92","33,72","27,84","68,90","1,20","2,48"
8/2019,Mijen,"73.479,0","0,0","0,0","23,16","34,08","28,01","66,10","1,80","2,71"
9/2019,Mijen,"73.479,0","0,0","0,0","23,88","35,03","28,75","66,42","10,70","2,73"
10/2019,Mijen,"73.479,0","0,0","0,0","24,83","35,74","29,82","71,84","8,20","2,13"
11/2019,Mijen,"73.479,0","1,0","1,0","25,51","34,90","30,09","75,40","97,30","2,13"
12/2019,Mijen,"73.479,0","1,0","0,0","25,15","32,22","28,63","84,11","246,25","1,81"
1/2019,Ngaliyan,"138.618,0","7,0","0,0","24,98","30,72","27,61","84,92","228,20","2,05"
2/2019,Ngaliyan,"138.618,0","5,0","1,0","24,72","31,58","27,94","83,66","240,30","1,70"
3/2019,Ngaliyan,"138.618,0","11,0","0,0","24,82","31,25","27,60","87,03","172,20","1,58"
4/2019,Ngaliyan,"138.618,0","4,0","1,0","25,55","32,76","28,63","81,58","221,55","1,78"
5/2019,Ngaliyan,"138.618,0","2,0","0,0","25,03","33,28","28,90","76,10","185,50","2,00"
6/2019,Ngaliyan,"138.618,0","4,0","0,0","23,79","33,54","28,27","72,43","1,00","1,93"
7/2019,Ngaliyan,"138.618,0","1,0","0,0","22,92","33,72","27,84","68,90","1,20","2,48"
8/2019,Ngaliyan,"138.618,0","0,0","0,0","23,16","34,08","28,01","66,10","1,80","2,71"
9/2019,Ngaliyan,"138.618,0","0,0","0,0","23,88","35,03","28,75","66,42","10,70","2,73"
10/2019,Ngaliyan,"138.618,0","0,0","0,0","24,83","35,74","29,82","71,84","8,20","2,13"
11/2019,Ngaliyan,"138.618,0","0,0","0,0","25,51","34,90","30,09","75,40","97,30","2,13"
12/2019,Ngaliyan,"138.618,0","0,0","0,0","25,15","32,22","28,63","84,11","246,25","1,81"
1/2019,Pedurungan,"192.798,0","9,0","0,0","24,98","30,72","27,61","84,92","228,20","2,05"
2/2019,Pedurungan,"192.798,0","9,0","0,0","24,72","31,58","27,94","83,66","240,30","1,70"
3/2019,Pedurungan,"192.798,0","8,0","0,0","24,82","31,25","27,60","87,03","172,20","1,58"
4/2019,Pedurungan,"192.798,0","13,0","0,0","25,55","32,76","28,63","81,58","221,55","1,78"
5/2019,Pedurungan,"192.798,0","8,0","0,0","25,03","33,28","28,90","76,10","185,50","2,00"
6/2019,Pedurungan,"192.798,0","2,0","0,0","23,79","33,54","28,27","72,43","1,00","1,93"
7/2019,Pedurungan,"192.798,0","0,0","0,0","22,92","33,72","27,84","68,90","1,20","2,48"
8/2019,Pedurungan,"192.798,0","0,0","0,0","23,16","34,08","28,01","66,10","1,80","2,71"
9/2019,Pedurungan,"192.798,0","1,0","0,0","23,88","35,03","28,75","66,42","10,70","2,73"
10/2019,Pedurungan,"192.798,0","0,0","0,0","24,83","35,74","29,82","71,84","8,20","2,13"
11/2019,Pedurungan,"192.798,0","0,0","0,0","25,51","34,90","30,09","75,40","97,30","2,13"
12/2019,Pedurungan,"192.798,0","1,0","0,0","25,15","32,22","28,63","84,11","246,25","1,81"
1/2019,Semarang Barat,"159.018,0","0,0","0,0","24,98","30,72","27,61","84,92","228,20","2,05"
2/2019,Semarang Barat,"159.018,0","4,0","0,0","24,72","31,58","27,94","83,66","240,30","1,70"
3/2019,Semarang Barat,"159.018,0","5,0","0,0","24,82","31,25","27,60","87,03","172,20","1,58"
4/2019,Semarang Barat,"159.018,0","5,0","1,0","25,55","32,76","28,63","81,58","221,55","1,78"
5/2019,Semarang Barat,"159.018,0","2,0","0,0","25,03","33,28","28,90","76,10","185,50","2,00"
6/2019,Semarang Barat,"159.018,0","2,0","1,0","23,79","33,54","28,27","72,43","1,00","1,93"
7/2019,Semarang Barat,"159.018,0","0,0","0,0","22,92","33,72","27,84","68,90","1,20","2,48"
8/2019,Semarang Barat,"159.018,0","0,0","0,0","23,16","34,08","28,01","66,10","1,80","2,71"
9/2019,Semarang Barat,"159.018,0","0,0","0,0","23,88","35,03","28,75","66,42","10,70","2,73"
10/2019,Semarang Barat,"159.018,0","1,0","0,0","24,83","35,74","29,82","71,84","8,20","2,13"
11/2019,Semarang Barat,"159.018,0","0,0","0,0","25,51","34,90","30,09","75,40","97,30","2,13"
12/2019,Semarang Barat,"159.018,0","1,0","0,0","25,15","32,22","28,63","84,11","246,25","1,81"
1/2019,Semarang Selatan,"69.375,0","0,0","0,0","24,98","30,72","27,61","84,92","228,20","2,05"
2/2019,Semarang Selatan,"69.375,0","4,0","0,0","24,72","31,58","27,94","83,66","240,30","1,70"
3/2019,Semarang Selatan,"69.375,0","5,0","0,0","24,82","31,25","27,60","87,03","172,20","1,58"
4/2019,Semarang Selatan,"69.375,0","5,0","0,0","25,55","32,76","28,63","81,58","221,55","1,78"
5/2019,Semarang Selatan,"69.375,0","3,0","0,0","25,03","33,28","28,90","76,10","185,50","2,00"
6/2019,Semarang Selatan,"69.375,0","0,0","0,0","23,79","33,54","28,27","72,43","1,00","1,93"
7/2019,Semarang Selatan,"69.375,0","1,0","0,0","22,92","33,72","27,84","68,90","1,20","2,48"
8/2019,Semarang Selatan,"69.375,0","1,0","0,0","23,16","34,08","28,01","66,10","1,80","2,71"
9/2019,Semarang Selatan,"69.375,0","0,0","0,0","23,88","35,03","28,75","66,42","10,70","2,73"
10/2019,Semarang Selatan,"69.375,0","0,0","0,0","24,83","35,74","29,82","71,84","8,20","2,13"
11/2019,Semarang Selatan,"69.375,0","0,0","0,0","25,51","34,90","30,09","75,40","97,30","2,13"
12/2019,Semarang Selatan,"69.375,0","1,0","0,0","25,15","32,22","28,63","84,11","246,25","1,81"
1/2019,Semarang Tengah,"61.073,0","1,0","0,0","24,98","30,72","27,61","84,92","228,20","2,05"
2/2019,Semarang Tengah,"61.073,0","2,0","1,0","24,72","31,58","27,94","83,66","240,30","1,70"
3/2019,Semarang Tengah,"61.073,0","1,0","0,0","24,82","31,25","27,60","87,03","172,20","1,58"
4/2019,Semarang Tengah,"61.073,0","1,0","0,0","25,55","32,76","28,63","81,58","221,55","1,78"
5/2019,Semarang Tengah,"61.073,0","1,0","0,0","25,03","33,28","28,90","76,10","185,50","2,00"
6/2019,Semarang Tengah,"61.073,0","0,0","0,0","23,79","33,54","28,27","72,43","1,00","1,93"
7/2019,Semarang Tengah,"61.073,0","0,0","0,0","22,92","33,72","27,84","68,90","1,20","2,48"
8/2019,Semarang Tengah,"61.073,0","0,0","0,0","23,16","34,08","28,01","66,10","1,80","2,71"
9/2019,Semarang Tengah,"61.073,0","0,0","0,0","23,88","35,03","28,75","66,42","10,70","2,73"
10/2019,Semarang Tengah,"61.073,0","0,0","0,0","24,83","35,74","29,82","71,84","8,20","2,13"
11/2019,Semarang Tengah,"61.073,0","0,0","0,0","25,51","34,90","30,09","75,40","97,30","2,13"
12/2019,Semarang Tengah,"61.073,0","0,0","0,0","25,15","32,22","28,63","84,11","246,25","1,81"
1/2019,Semarang Timur,"73.491,0","2,0","0,0","24,98","30,72","27,61","84,92","228,20","2,05"
2/2019,Semarang Timur,"73.491,0","1,0","0,0","24,72","31,58","27,94","83,66","240,30","1,70"
3/2019,Semarang Timur,"73.491,0","1,0","0,0","24,82","31,25","27,60","87,03","172,20","1,58"
4/2019,Semarang Timur,"73.491,0","0,0","0,0","25,55","32,76","28,63","81,58","221,55","1,78"
5/2019,Semarang Timur,"73.491,0","3,0","0,0","25,03","33,28","28,90","76,10","185,50","2,00"
6/2019,Semarang Timur,"73.491,0","0,0","0,0","23,79","33,54","28,27","72,43","1,00","1,93"
7/2019,Semarang Timur,"73.491,0","0,0","0,0","22,92","33,72","27,84","68,90","1,20","2,48"
8/2019,Semarang Timur,"73.491,0","0,0","0,0","23,16","34,08","28,01","66,10","1,80","2,71"
9/2019,Semarang Timur,"73.491,0","0,0","0,0","23,88","35,03","28,75","66,42","10,70","2,73"
10/2019,Semarang Timur,"73.491,0","0,0","0,0","24,83","35,74","29,82","71,84","8,20","2,13"
11/2019,Semarang Timur,"73.491,0","0,0","0,0","25,51","34,90","30,09","75,40","97,30","2,13"
12/2019,Semarang Timur,"73.491,0","0,0","0,0","25,15","32,22","28,63","84,11","246,25","1,81"
1/2019,Semarang Utara,"125.795,0","2,0","0,0","24,98","30,72","27,61","84,92","228,20","2,05"
2/2019,Semarang Utara,"125.795,0","2,0","0,0","24,72","31,58","27,94","83,66","240,30","1,70"
3/2019,Semarang Utara,"125.795,0","4,0","1,0","24,82","31,25","27,60","87,03","172,20","1,58"
4/2019,Semarang Utara,"125.795,0","4,0","0,0","25,55","32,76","28,63","81,58","221,55","1,78"
5/2019,Semarang Utara,"125.795,0","5,0","0,0","25,03","33,28","28,90","76,10","185,50","2,00"
6/2019,Semarang Utara,"125.795,0","0,0","0,0","23,79","33,54","28,27","72,43","1,00","1,93"
7/2019,Semarang Utara,"125.795,0","0,0","0,0","22,92","33,72","27,84","68,90","1,20","2,48"
8/2019,Semarang Utara,"125.795,0","0,0","0,0","23,16","34,08","28,01","66,10","1,80","2,71"
9/2019,Semarang Utara,"125.795,0","0,0","0,0","23,88","35,03","28,75","66,42","10,70","2,73"
10/2019,Semarang Utara,"125.795,0","0,0","0,0","24,83","35,74","29,82","71,84","8,20","2,13"
11/2019,Semarang Utara,"125.795,0","0,0","0,0","25,51","34,90","30,09","75,40","97,30","2,13"
12/2019,Semarang Utara,"125.795,0","0,0","0,0","25,15","32,22","28,63","84,11","246,25","1,81"
1/2019,Tembalang,"178.830,0","10,0","0,0","24,98","30,72","27,61","84,92","228,20","2,05"
2/2019,Tembalang,"178.830,0","24,0","0,0","24,72","31,58","27,94","83,66","240,30","1,70"
3/2019,Tembalang,"178.830,0","23,0","0,0","24,82","31,25","27,60","87,03","172,20","1,58"
4/2019,Tembalang,"178.830,0","22,0","0,0","25,55","32,76","28,63","81,58","221,55","1,78"
5/2019,Tembalang,"178.830,0","20,0","0,0","25,03","33,28","28,90","76,10","185,50","2,00"
6/2019,Tembalang,"178.830,0","13,0","0,0","23,79","33,54","28,27","72,43","1,00","1,93"
7/2019,Tembalang,"178.830,0","5,0","0,0","22,92","33,72","27,84","68,90","1,20","2,48"
8/2019,Tembalang,"178.830,0","4,0","0,0","23,16","34,08","28,01","66,10","1,80","2,71"
9/2019,Tembalang,"178.830,0","1,0","0,0","23,88","35,03","28,75","66,42","10,70","2,73"
10/2019,Tembalang,"178.830,0","0,0","0,0","24,83","35,74","29,82","71,84","8,20","2,13"
11/2019,Tembalang,"178.830,0","0,0","0,0","25,51","34,90","30,09","75,40","97,30","2,13"
12/2019,Tembalang,"178.830,0","0,0","0,0","25,15","32,22","28,63","84,11","246,25","1,81"
1/2019,Tugu,"33.466,0","1,0","0,0","24,98","30,72","27,61","84,92","228,20","2,05"
2/2019,Tugu,"33.466,0","0,0","0,0","24,72","31,58","27,94","83,66","240,30","1,70"
3/2019,Tugu,"33.466,0","1,0","0,0","24,82","31,25","27,60","87,03","172,20","1,58"
4/2019,Tugu,"33.466,0","0,0","0,0","25,55","32,76","28,63","81,58","221,55","1,78"
5/2019,Tugu,"33.466,0","0,0","0,0","25,03","33,28","28,90","76,10","185,50","2,00"
6/2019,Tugu,"33.466,0","0,0","0,0","23,79","33,54","28,27","72,43","1,00","1,93"
7/2019,Tugu,"33.466,0","0,0","0,0","22,92","33,72","27,84","68,90","1,20","2,48"
8/2019,Tugu,"33.466,0","0,0","0,0","23,16","34,08","28,01","66,10","1,80","2,71"
9/2019,Tugu,"33.466,0","0,0","0,0","23,88","35,03","28,75","66,42","10,70","2,73"
10/2019,Tugu,"33.466,0","1,0","0,0","24,83","35,74","29,82","71,84","8,20","2,13"
11/2019,Tugu,"33.466,0","0,0","0,0","25,51","34,90","30,09","75,40","97,30","2,13"
12/2019,Tugu,"33.466,0","0,0","0,0","25,15","32,22","28,63","84,11","246,25","1,81"
1/2020,Banyumanik,"139.846,0","1,0","0,0","25,04","31,30","27,92","87,15","316,60","2,02"
2/2020,Banyumanik,"139.846,0","3,0","0,0","24,49","30,88","27,52","87,81","408,20","2,19"
3/2020,Banyumanik,"139.846,0","2,0","0,0","25,44","31,70","28,09","86,84","231,80","1,77"
4/2020,Banyumanik,"139.846,0","7,0","0,0","25,25","32,61","28,59","84,58","327,52","1,69"
5/2020,Banyumanik,"139.846,0","3,0","0,0","25,75","32,99","29,03","82,52","387,93","1,95"
6/2020,Banyumanik,"139.846,0","3,0","0,0","25,26","33,06","28,77","80,72","69,30","2,1"
7/2020,Banyumanik,"139.846,0","2,0","0,0","24,53","33,04","28,34","79,55","96,25","2,03"
8/2020,Banyumanik,"139.846,0","1,0","0,0","24,74","33,77","28,68","78,56","56,40","2,40"
9/2020,Banyumanik,"139.846,0","0,0","0,0","25,24","34,43","29,30","76,30","106,80","2,27"
10/2020,Banyumanik,"139.846,0","1,0","0,0","25,41","33,16","28,85","80,13","206,80","1,87"
11/2020,Banyumanik,"139.846,0","1,0","0,0","24,91","32,51","28,65","82,88","261,75","1,85"
12/2020,Banyumanik,"139.846,0","0,0","0,0","24,84","30,73","27,54","86,73","388,35","2,02"
1/2020,Candisari,"80.625,0","0,0","0,0","25,04","31,30","27,92","87,15","316,60","2,02"
2/2020,Candisari,"80.625,0","4,0","1,0","24,49","30,88","27,52","87,81","408,20","2,19"
3/2020,Candisari,"80.625,0","5,0","0,0","25,44","31,70","28,09","86,84","231,80","1,77"
4/2020,Candisari,"80.625,0","2,0","0,0","25,25","32,61","28,59","84,58","327,52","1,69"
5/2020,Candisari,"80.625,0","2,0","0,0","25,75","32,99","29,03","82,52","387,93","1,95"
6/2020,Candisari,"80.625,0","1,0","0,0","25,26","33,06","28,77","80,72","69,30","2,1"
7/2020,Candisari,"80.625,0","0,0","0,0","24,53","33,04","28,34","79,55","96,25","2,03"
8/2020,Candisari,"80.625,0","0,0","0,0","24,74","33,77","28,68","78,56","56,40","2,40"
9/2020,Candisari,"80.625,0","0,0","0,0","25,24","34,43","29,30","76,30","106,80","2,27"
10/2020,Candisari,"80.625,0","0,0","0,0","25,41","33,16","28,85","80,13","206,80","1,87"
11/2020,Candisari,"80.625,0","1,0","0,0","24,91","32,51","28,65","82,88","261,75","1,85"
12/2020,Candisari,"80.625,0","0,0","0,0","24,84","30,73","27,54","86,73","388,35","2,02"
1/2020,Gajah Mungkur,"60.243,0","1,0","0,0","25,04","31,30","27,92","87,15","316,60","2,02"
2/2020,Gajah Mungkur,"60.243,0","2,0","0,0","24,49","30,88","27,52","87,81","408,20","2,19"
3/2020,Gajah Mungkur,"60.243,0","2,0","0,0","25,44","31,70","28,09","86,84","231,80","1,77"
4/2020,Gajah Mungkur,"60.243,0","1,0","0,0","25,25","32,61","28,59","84,58","327,52","1,69"
5/2020,Gajah Mungkur,"60.243,0","1,0","0,0","25,75","32,99","29,03","82,52","387,93","1,95"
6/2020,Gajah Mungkur,"60.243,0","0,0","0,0","25,26","33,06","28,77","80,72","69,30","2,1"
7/2020,Gajah Mungkur,"60.243,0","0,0","0,0","24,53","33,04","28,34","79,55","96,25","2,03"
8/2020,Gajah Mungkur,"60.243,0","1,0","0,0","24,74","33,77","28,68","78,56","56,40","2,40"
9/2020,Gajah Mungkur,"60.243,0","0,0","0,0","25,24","34,43","29,30","76,30","106,80","2,27"
10/2020,Gajah Mungkur,"60.243,0","1,0","0,0","25,41","33,16","28,85","80,13","206,80","1,87"
11/2020,Gajah Mungkur,"60.243,0","0,0","0,0","24,91","32,51","28,65","82,88","261,75","1,85"
12/2020,Gajah Mungkur,"60.243,0","0,0","0,0","24,84","30,73","27,54","86,73","388,35","2,02"
1/2020,Gayamsari,"74.109,0","1,0","0,0","25,04","31,30","27,92","87,15","316,60","2,02"
2/2020,Gayamsari,"74.109,0","3,0","0,0","24,49","30,88","27,52","87,81","408,20","2,19"
3/2020,Gayamsari,"74.109,0","2,0","0,0","25,44","31,70","28,09","86,84","231,80","1,77"
4/2020,Gayamsari,"74.109,0","1,0","0,0","25,25","32,61","28,59","84,58","327,52","1,69"
5/2020,Gayamsari,"74.109,0","2,0","0,0","25,75","32,99","29,03","82,52","387,93","1,95"
6/2020,Gayamsari,"74.109,0","1,0","0,0","25,26","33,06","28,77","80,72","69,30","2,1"
7/2020,Gayamsari,"74.109,0","1,0","0,0","24,53","33,04","28,34","79,55","96,25","2,03"
8/2020,Gayamsari,"74.109,0","1,0","0,0","24,74","33,77","28,68","78,56","56,40","2,40"
9/2020,Gayamsari,"74.109,0","1,0","0,0","25,24","34,43","29,30","76,30","106,80","2,27"
10/2020,Gayamsari,"74.109,0","0,0","0,0","25,41","33,16","28,85","80,13","206,80","1,87"
11/2020,Gayamsari,"74.109,0","0,0","0,0","24,91","32,51","28,65","82,88","261,75","1,85"
12/2020,Gayamsari,"74.109,0","0,0","0,0","24,84","30,73","27,54","86,73","388,35","2,02"
1/2020,Genuk,"114.303,0","1,0","0,0","25,04","31,30","27,92","87,15","316,60","2,02"
2/2020,Genuk,"114.303,0","1,0","0,0","24,49","30,88","27,52","87,81","408,20","2,19"
3/2020,Genuk,"114.303,0","3,0","0,0","25,44","31,70","28,09","86,84","231,80","1,77"
4/2020,Genuk,"114.303,0","2,0","0,0","25,25","32,61","28,59","84,58","327,52","1,69"
5/2020,Genuk,"114.303,0","0,0","0,0","25,75","32,99","29,03","82,52","387,93","1,95"
6/2020,Genuk,"114.303,0","1,0","0,0","25,26","33,06","28,77","80,72","69,30","2,1"
7/2020,Genuk,"114.303,0","0,0","0,0","24,53","33,04","28,34","79,55","96,25","2,03"
8/2020,Genuk,"114.303,0","0,0","0,0","24,74","33,77","28,68","78,56","56,40","2,40"
9/2020,Genuk,"114.303,0","0,0","0,0","25,24","34,43","29,30","76,30","106,80","2,27"
10/2020,Genuk,"114.303,0","1,0","0,0","25,41","33,16","28,85","80,13","206,80","1,87"
11/2020,Genuk,"114.303,0","1,0","0,0","24,91","32,51","28,65","82,88","261,75","1,85"
12/2020,Genuk,"114.303,0","1,0","0,0","24,84","30,73","27,54","86,73","388,35","2,02"
1/2020,Gunungpati,"94.065,0","6,0","0,0","25,04","31,30","27,92","87,15","316,60","2,02"
2/2020,Gunungpati,"94.065,0","4,0","0,0","24,49","30,88","27,52","87,81","408,20","2,19"
3/2020,Gunungpati,"94.065,0","5,0","0,0","25,44","31,70","28,09","86,84","231,80","1,77"
4/2020,Gunungpati,"94.065,0","0,0","0,0","25,25","32,61","28,59","84,58","327,52","1,69"
5/2020,Gunungpati,"94.065,0","1,0","0,0","25,75","32,99","29,03","82,52","387,93","1,95"
6/2020,Gunungpati,"94.065,0","0,0","0,0","25,26","33,06","28,77","80,72","69,30","2,1"
7/2020,Gunungpati,"94.065,0","0,0","0,0","24,53","33,04","28,34","79,55","96,25","2,03"
8/2020,Gunungpati,"94.065,0","0,0","0,0","24,74","33,77","28,68","78,56","56,40","2,40"
9/2020,Gunungpati,"94.065,0","0,0","0,0","25,24","34,43","29,30","76,30","106,80","2,27"
10/2020,Gunungpati,"94.065,0","0,0","0,0","25,41","33,16","28,85","80,13","206,80","1,87"
11/2020,Gunungpati,"94.065,0","2,0","0,0","24,91","32,51","28,65","82,88","261,75","1,85"
12/2020,Gunungpati,"94.065,0","1,0","0,0","24,84","30,73","27,54","86,73","388,35","2,02"
1/2020,Mijen,"73.728,0","6,0","1,0","25,04","31,30","27,92","87,15","316,60","2,02"
2/2020,Mijen,"73.728,0","11,0","0,0","24,49","30,88","27,52","87,81","408,20","2,19"
3/2020,Mijen,"73.728,0","8,0","0,0","25,44","31,70","28,09","86,84","231,80","1,77"
4/2020,Mijen,"73.728,0","4,0","0,0","25,25","32,61","28,59","84,58","327,52","1,69"
5/2020,Mijen,"73.728,0","2,0","0,0","25,75","32,99","29,03","82,52","387,93","1,95"
6/2020,Mijen,"73.728,0","1,0","0,0","25,26","33,06","28,77","80,72","69,30","2,1"
7/2020,Mijen,"73.728,0","0,0","0,0","24,53","33,04","28,34","79,55","96,25","2,03"
8/2020,Mijen,"73.728,0","1,0","0,0","24,74","33,77","28,68","78,56","56,40","2,40"
9/2020,Mijen,"73.728,0","1,0","0,0","25,24","34,43","29,30","76,30","106,80","2,27"
10/2020,Mijen,"73.728,0","0,0","0,0","25,41","33,16","28,85","80,13","206,80","1,87"
11/2020,Mijen,"73.728,0","0,0","0,0","24,91","32,51","28,65","82,88","261,75","1,85"
12/2020,Mijen,"73.728,0","1,0","0,0","24,84","30,73","27,54","86,73","388,35","2,02"
1/2020,Ngaliyan,"138.525,0","1,0","0,0","25,04","31,30","27,92","87,15","316,60","2,02"
2/2020,Ngaliyan,"138.525,0","5,0","0,0","24,49","30,88","27,52","87,81","408,20","2,19"
3/2020,Ngaliyan,"138.525,0","4,0","0,0","25,44","31,70","28,09","86,84","231,80","1,77"
4/2020,Ngaliyan,"138.525,0","3,0","0,0","25,25","32,61","28,59","84,58","327,52","1,69"
5/2020,Ngaliyan,"138.525,0","1,0","0,0","25,75","32,99","29,03","82,52","387,93","1,95"
6/2020,Ngaliyan,"138.525,0","5,0","0,0","25,26","33,06","28,77","80,72","69,30","2,1"
7/2020,Ngaliyan,"138.525,0","1,0","0,0","24,53","33,04","28,34","79,55","96,25","2,03"
8/2020,Ngaliyan,"138.525,0","2,0","0,0","24,74","33,77","28,68","78,56","56,40","2,40"
9/2020,Ngaliyan,"138.525,0","0,0","0,0","25,24","34,43","29,30","76,30","106,80","2,27"
10/2020,Ngaliyan,"138.525,0","4,0","0,0","25,41","33,16","28,85","80,13","206,80","1,87"
11/2020,Ngaliyan,"138.525,0","0,0","0,0","24,91","32,51","28,65","82,88","261,75","1,85"
12/2020,Ngaliyan,"138.525,0","1,0","0,0","24,84","30,73","27,54","86,73","388,35","2,02"
1/2020,Pedurungan,"192.653,0","1,0","0,0","25,04","31,30","27,92","87,15","316,60","2,02"
2/2020,Pedurungan,"192.653,0","5,0","0,0","24,49","30,88","27,52","87,81","408,20","2,19"
3/2020,Pedurungan,"192.653,0","7,0","0,0","25,44","31,70","28,09","86,84","231,80","1,77"
4/2020,Pedurungan,"192.653,0","7,0","0,0","25,25","32,61","28,59","84,58","327,52","1,69"
5/2020,Pedurungan,"192.653,0","4,0","0,0","25,75","32,99","29,03","82,52","387,93","1,95"
6/2020,Pedurungan,"192.653,0","3,0","0,0","25,26","33,06","28,77","80,72","69,30","2,1"
7/2020,Pedurungan,"192.653,0","1,0","0,0","24,53","33,04","28,34","79,55","96,25","2,03"
8/2020,Pedurungan,"192.653,0","0,0","0,0","24,74","33,77","28,68","78,56","56,40","2,40"
9/2020,Pedurungan,"192.653,0","0,0","0,0","25,24","34,43","29,30","76,30","106,80","2,27"
10/2020,Pedurungan,"192.653,0","1,0","0,0","25,41","33,16","28,85","80,13","206,80","1,87"
11/2020,Pedurungan,"192.653,0","2,0","0,0","24,91","32,51","28,65","82,88","261,75","1,85"
12/2020,Pedurungan,"192.653,0","2,0","0,0","24,84","30,73","27,54","86,73","388,35","2,02"
1/2020,Semarang Barat,"159.222,0","2,0","0,0","25,04","31,30","27,92","87,15","316,60","2,02"
2/2020,Semarang Barat,"159.222,0","5,0","0,0","24,49","30,88","27,52","87,81","408,20","2,19"
3/2020,Semarang Barat,"159.222,0","6,0","0,0","25,44","31,70","28,09","86,84","231,80","1,77"
4/2020,Semarang Barat,"159.222,0","4,0","0,0","25,25","32,61","28,59","84,58","327,52","1,69"
5/2020,Semarang Barat,"159.222,0","4,0","0,0","25,75","32,99","29,03","82,52","387,93","1,95"
6/2020,Semarang Barat,"159.222,0","2,0","0,0","25,26","33,06","28,77","80,72","69,30","2,1"
7/2020,Semarang Barat,"159.222,0","0,0","0,0","24,53","33,04","28,34","79,55","96,25","2,03"
8/2020,Semarang Barat,"159.222,0","1,0","0,0","24,74","33,77","28,68","78,56","56,40","2,40"
9/2020,Semarang Barat,"159.222,0","2,0","0,0","25,24","34,43","29,30","76,30","106,80","2,27"
10/2020,Semarang Barat,"159.222,0","0,0","0,0","25,41","33,16","28,85","80,13","206,80","1,87"
11/2020,Semarang Barat,"159.222,0","1,0","0,0","24,91","32,51","28,65","82,88","261,75","1,85"
12/2020,Semarang Barat,"159.222,0","1,0","0,0","24,84","30,73","27,54","86,73","388,35","2,02"
1/2020,Semarang Selatan,"69.530,0","0,0","0,0","25,04","31,30","27,92","87,15","316,60","2,02"
2/2020,Semarang Selatan,"69.530,0","3,0","0,0","24,49","30,88","27,52","87,81","408,20","2,19"
3/2020,Semarang Selatan,"69.530,0","0,0","0,0","25,44","31,70","28,09","86,84","231,80","1,77"
4/2020,Semarang Selatan,"69.530,0","1,0","1,0","25,25","32,61","28,59","84,58","327,52","1,69"
5/2020,Semarang Selatan,"69.530,0","0,0","0,0","25,75","32,99","29,03","82,52","387,93","1,95"
6/2020,Semarang Selatan,"69.530,0","1,0","0,0","25,26","33,06","28,77","80,72","69,30","2,1"
7/2020,Semarang Selatan,"69.530,0","0,0","0,0","24,53","33,04","28,34","79,55","96,25","2,03"
8/2020,Semarang Selatan,"69.530,0","0,0","0,0","24,74","33,77","28,68","78,56","56,40","2,40"
9/2020,Semarang Selatan,"69.530,0","0,0","0,0","25,24","34,43","29,30","76,30","106,80","2,27"
10/2020,Semarang Selatan,"69.530,0","0,0","0,0","25,41","33,16","28,85","80,13","206,80","1,87"
11/2020,Semarang Selatan,"69.530,0","0,0","0,0","24,91","32,51","28,65","82,88","261,75","1,85"
12/2020,Semarang Selatan,"69.530,0","1,0","0,0","24,84","30,73","27,54","86,73","388,35","2,02"
1/2020,Semarang Tengah,"61.288,0","0,0","0,0","25,04","31,30","27,92","87,15","316,60","2,02"
2/2020,Semarang Tengah,"61.288,0","3,0","0,0","24,49","30,88","27,52","87,81","408,20","2,19"
3/2020,Semarang Tengah,"61.288,0","0,0","0,0","25,44","31,70","28,09","86,84","231,80","1,77"
4/2020,Semarang Tengah,"61.288,0","5,0","0,0","25,25","32,61","28,59","84,58","327,52","1,69"
5/2020,Semarang Tengah,"61.288,0","1,0","0,0","25,75","32,99","29,03","82,52","387,93","1,95"
6/2020,Semarang Tengah,"61.288,0","0,0","0,0","25,26","33,06","28,77","80,72","69,30","2,1"
7/2020,Semarang Tengah,"61.288,0","0,0","0,0","24,53","33,04","28,34","79,55","96,25","2,03"
8/2020,Semarang Tengah,"61.288,0","0,0","0,0","24,74","33,77","28,68","78,56","56,40","2,40"
9/2020,Semarang Tengah,"61.288,0","0,0","0,0","25,24","34,43","29,30","76,30","106,80","2,27"
10/2020,Semarang Tengah,"61.288,0","0,0","0,0","25,41","33,16","28,85","80,13","206,80","1,87"
11/2020,Semarang Tengah,"61.288,0","0,0","0,0","24,91","32,51","28,65","82,88","261,75","1,85"
12/2020,Semarang Tengah,"61.288,0","0,0","0,0","24,84","30,73","27,54","86,73","388,35","2,02"
1/2020,Semarang Timur,"73.546,0","0,0","0,0","25,04","31,30","27,92","87,15","316,60","2,02"
2/2020,Semarang Timur,"73.546,0","0,0","0,0","24,49","30,88","27,52","87,81","408,20","2,19"
3/2020,Semarang Timur,"73.546,0","2,0","0,0","25,44","31,70","28,09","86,84","231,80","1,77"
4/2020,Semarang Timur,"73.546,0","2,0","0,0","25,25","32,61","28,59","84,58","327,52","1,69"
5/2020,Semarang Timur,"73.546,0","0,0","0,0","25,75","32,99","29,03","82,52","387,93","1,95"
6/2020,Semarang Timur,"73.546,0","0,0","0,0","25,26","33,06","28,77","80,72","69,30","2,1"
7/2020,Semarang Timur,"73.546,0","0,0","0,0","24,53","33,04","28,34","79,55","96,25","2,03"
8/2020,Semarang Timur,"73.546,0","0,0","0,0","24,74","33,77","28,68","78,56","56,40","2,40"
9/2020,Semarang Timur,"73.546,0","1,0","0,0","25,24","34,43","29,30","76,30","106,80","2,27"
10/2020,Semarang Timur,"73.546,0","0,0","0,0","25,41","33,16","28,85","80,13","206,80","1,87"
11/2020,Semarang Timur,"73.546,0","0,0","0,0","24,91","32,51","28,65","82,88","261,75","1,85"
12/2020,Semarang Timur,"73.546,0","0,0","0,0","24,84","30,73","27,54","86,73","388,35","2,02"
1/2020,Semarang Utara,"126.148,0","0,0","0,0","25,04","31,30","27,92","87,15","316,60","2,02"
2/2020,Semarang Utara,"126.148,0","2,0","0,0","24,49","30,88","27,52","87,81","408,20","2,19"
3/2020,Semarang Utara,"126.148,0","3,0","0,0","25,44","31,70","28,09","86,84","231,80","1,77"
4/2020,Semarang Utara,"126.148,0","5,0","0,0","25,25","32,61","28,59","84,58","327,52","1,69"
5/2020,Semarang Utara,"126.148,0","2,0","0,0","25,75","32,99","29,03","82,52","387,93","1,95"
6/2020,Semarang Utara,"126.148,0","2,0","0,0","25,26","33,06","28,77","80,72","69,30","2,1"
7/2020,Semarang Utara,"126.148,0","2,0","0,0","24,53","33,04","28,34","79,55","96,25","2,03"
8/2020,Semarang Utara,"126.148,0","2,0","0,0","24,74","33,77","28,68","78,56","56,40","2,40"
9/2020,Semarang Utara,"126.148,0","0,0","0,0","25,24","34,43","29,30","76,30","106,80","2,27"
10/2020,Semarang Utara,"126.148,0","0,0","0,0","25,41","33,16","28,85","80,13","206,80","1,87"
11/2020,Semarang Utara,"126.148,0","0,0","0,0","24,91","32,51","28,65","82,88","261,75","1,85"
12/2020,Semarang Utara,"126.148,0","0,0","0,0","24,84","30,73","27,54","86,73","388,35","2,02"
1/2020,Tembalang,"178.914,0","4,0","0,0","25,04","31,30","27,92","87,15","316,60","2,02"
2/2020,Tembalang,"178.914,0","7,0","0,0","24,49","30,88","27,52","87,81","408,20","2,19"
3/2020,Tembalang,"178.914,0","22,0","0,0","25,44","31,70","28,09","86,84","231,80","1,77"
4/2020,Tembalang,"178.914,0","12,0","0,0","25,25","32,61","28,59","84,58","327,52","1,69"
5/2020,Tembalang,"178.914,0","9,0","0,0","25,75","32,99","29,03","82,52","387,93","1,95"
6/2020,Tembalang,"178.914,0","2,0","0,0","25,26","33,06","28,77","80,72","69,30","2,1"
7/2020,Tembalang,"178.914,0","1,0","0,0","24,53","33,04","28,34","79,55","96,25","2,03"
8/2020,Tembalang,"178.914,0","2,0","0,0","24,74","33,77","28,68","78,56","56,40","2,40"
9/2020,Tembalang,"178.914,0","2,0","1,0","25,24","34,43","29,30","76,30","106,80","2,27"
10/2020,Tembalang,"178.914,0","1,0","0,0","25,41","33,16","28,85","80,13","206,80","1,87"
11/2020,Tembalang,"178.914,0","1,0","0,0","24,91","32,51","28,65","82,88","261,75","1,85"
12/2020,Tembalang,"178.914,0","1,0","0,0","24,84","30,73","27,54","86,73","388,35","2,02"
1/2020,Tugu,"33.634,0","1,0","0,0","25,04","31,30","27,92","87,15","316,60","2,02"
2/2020,Tugu,"33.634,0","2,0","0,0","24,49","30,88","27,52","87,81","408,20","2,19"
3/2020,Tugu,"33.634,0","0,0","0,0","25,44","31,70","28,09","86,84","231,80","1,77"
4/2020,Tugu,"33.634,0","0,0","0,0","25,25","32,61","28,59","84,58","327,52","1,69"
5/2020,Tugu,"33.634,0","0,0","0,0","25,75","32,99","29,03","82,52","387,93","1,95"
6/2020,Tugu,"33.634,0","0,0","0,0","25,26","33,06","28,77","80,72","69,30","2,1"
7/2020,Tugu,"33.634,0","0,0","0,0","24,53","33,04","28,34","79,55","96,25","2,03"
8/2020,Tugu,"33.634,0","1,0","0,0","24,74","33,77","28,68","78,56","56,40","2,40"
9/2020,Tugu,"33.634,0","0,0","0,0","25,24","34,43","29,30","76,30","106,80","2,27"
10/2020,Tugu,"33.634,0","0,0","0,0","25,41","33,16","28,85","80,13","206,80","1,87"
11/2020,Tugu,"33.634,0","0,0","0,0","24,91","32,51","28,65","82,88","261,75","1,85"
12/2020,Tugu,"33.634,0","0,0","0,0","24,84","30,73","27,54","86,73","388,35","2,02"
1/2021,Banyumanik,"139.846,0","4,0","1,0","24,79","29,98","26,92","88,39","285,85","1,77"
2/2021,Banyumanik,"139.846,0","5,0","0,0","24,36","29,64","26,66","91,64","481,30","2,50"
3/2021,Banyumanik,"139.846,0","4,0","0,0","25,09","30,97","27,58","88,79","132,15","1,79"
4/2021,Banyumanik,"139.846,0","3,0","0,0","25,40","31,98","28,30","82,13","132,70","1,95"
5/2021,Banyumanik,"139.846,0","3,0","0,0","25,60","33,17","29,00","79,61","252,90","1,79"
6/2021,Banyumanik,"139.846,0","3,0","0,0","25,60","32,54","28,34","78,37","135,25","1,90"
7/2021,Banyumanik,"139.846,0","1,0","0,0","24,17","33,42","28,33","70,13","17,15","2,05"
8/2021,Banyumanik,"139.846,0","2,0","0,0","24,83","33,84","28,60","74,48","62,50","2,1"
9/2021,Banyumanik,"139.846,0","8,0","0,0","24,84","33,72","28,76","75,23","233,15","2,23"
10/2021,Banyumanik,"139.846,0","2,0","0,0","25,50","33,52","29,05","76,94","119,10","1,94"
11/2021,Banyumanik,"139.846,0","13,0","0,0","25,15","31,28","27,86","84,43","349,70","1,73"
12/2021,Banyumanik,"139.846,0","14,0","1,0","25,21","31,28","27,80","84,69","173,00","1,94"
1/2021,Candisari,"80.625,0","0,0","0,0","24,79","29,98","26,92","88,39","285,85","1,77"
2/2021,Candisari,"80.625,0","2,0","0,0","24,36","29,64","26,66","91,64","481,30","2,50"
3/2021,Candisari,"80.625,0","0,0","0,0","25,09","30,97","27,58","88,79","132,15","1,79"
4/2021,Candisari,"80.625,0","1,0","0,0","25,40","31,98","28,30","82,13","132,70","1,95"
5/2021,Candisari,"80.625,0","0,0","0,0","25,60","33,17","29,00","79,61","252,90","1,79"
6/2021,Candisari,"80.625,0","0,0","0,0","25,60","32,54","28,34","78,37","135,25","1,90"
7/2021,Candisari,"80.625,0","0,0","0,0","24,17","33,42","28,33","70,13","17,15","2,05"
8/2021,Candisari,"80.625,0","2,0","0,0","24,83","33,84","28,60","74,48","62,50","2,1"
9/2021,Candisari,"80.625,0","0,0","0,0","24,84","33,72","28,76","75,23","233,15","2,23"
10/2021,Candisari,"80.625,0","0,0","0,0","25,50","33,52","29,05","76,94","119,10","1,94"
11/2021,Candisari,"80.625,0","2,0","0,0","25,15","31,28","27,86","84,43","349,70","1,73"
12/2021,Candisari,"80.625,0","3,0","0,0","25,21","31,28","27,80","84,69","173,00","1,94"
1/2021,Gajah Mungkur,"60.243,0","0,0","0,0","24,79","29,98","26,92","88,39","285,85","1,77"
2/2021,Gajah Mungkur,"60.243,0","0,0","0,0","24,36","29,64","26,66","91,64","481,30","2,50"
3/2021,Gajah Mungkur,"60.243,0","1,0","0,0","25,09","30,97","27,58","88,79","132,15","1,79"
4/2021,Gajah Mungkur,"60.243,0","3,0","0,0","25,40","31,98","28,30","82,13","132,70","1,95"
5/2021,Gajah Mungkur,"60.243,0","0,0","0,0","25,60","33,17","29,00","79,61","252,90","1,79"
6/2021,Gajah Mungkur,"60.243,0","1,0","0,0","25,60","32,54","28,34","78,37","135,25","1,90"
7/2021,Gajah Mungkur,"60.243,0","0,0","0,0","24,17","33,42","28,33","70,13","17,15","2,05"
8/2021,Gajah Mungkur,"60.243,0","0,0","0,0","24,83","33,84","28,60","74,48","62,50","2,1"
9/2021,Gajah Mungkur,"60.243,0","0,0","0,0","24,84","33,72","28,76","75,23","233,15","2,23"
10/2021,Gajah Mungkur,"60.243,0","0,0","0,0","25,50","33,52","29,05","76,94","119,10","1,94"
11/2021,Gajah Mungkur,"60.243,0","0,0","0,0","25,15","31,28","27,86","84,43","349,70","1,73"
12/2021,Gajah Mungkur,"60.243,0","5,0","0,0","25,21","31,28","27,80","84,69","173,00","1,94"
1/2021,Gayamsari,"74.109,0","0,0","0,0","24,79","29,98","26,92","88,39","285,85","1,77"
2/2021,Gayamsari,"74.109,0","0,0","0,0","24,36","29,64","26,66","91,64","481,30","2,50"
3/2021,Gayamsari,"74.109,0","1,0","0,0","25,09","30,97","27,58","88,79","132,15","1,79"
4/2021,Gayamsari,"74.109,0","0,0","0,0","25,40","31,98","28,30","82,13","132,70","1,95"
5/2021,Gayamsari,"74.109,0","1,0","0,0","25,60","33,17","29,00","79,61","252,90","1,79"
6/2021,Gayamsari,"74.109,0","1,0","0,0","25,60","32,54","28,34","78,37","135,25","1,90"
7/2021,Gayamsari,"74.109,0","1,0","0,0","24,17","33,42","28,33","70,13","17,15","2,05"
8/2021,Gayamsari,"74.109,0","1,0","0,0","24,83","33,84","28,60","74,48","62,50","2,1"
9/2021,Gayamsari,"74.109,0","1,0","0,0","24,84","33,72","28,76","75,23","233,15","2,23"
10/2021,Gayamsari,"74.109,0","0,0","0,0","25,50","33,52","29,05","76,94","119,10","1,94"
11/2021,Gayamsari,"74.109,0","1,0","0,0","25,15","31,28","27,86","84,43","349,70","1,73"
12/2021,Gayamsari,"74.109,0","1,0","0,0","25,21","31,28","27,80","84,69","173,00","1,94"
1/2021,Genuk,"114.303,0","1,0","0,0","24,79","29,98","26,92","88,39","285,85","1,77"
2/2021,Genuk,"114.303,0","0,0","0,0","24,36","29,64","26,66","91,64","481,30","2,50"
3/2021,Genuk,"114.303,0","0,0","0,0","25,09","30,97","27,58","88,79","132,15","1,79"
4/2021,Genuk,"114.303,0","2,0","0,0","25,40","31,98","28,30","82,13","132,70","1,95"
5/2021,Genuk,"114.303,0","0,0","0,0","25,60","33,17","29,00","79,61","252,90","1,79"
6/2021,Genuk,"114.303,0","0,0","0,0","25,60","32,54","28,34","78,37","135,25","1,90"
7/2021,Genuk,"114.303,0","1,0","0,0","24,17","33,42","28,33","70,13","17,15","2,05"
8/2021,Genuk,"114.303,0","0,0","0,0","24,83","33,84","28,60","74,48","62,50","2,1"
9/2021,Genuk,"114.303,0","0,0","0,0","24,84","33,72","28,76","75,23","233,15","2,23"
10/2021,Genuk,"114.303,0","2,0","0,0","25,50","33,52","29,05","76,94","119,10","1,94"
11/2021,Genuk,"114.303,0","3,0","0,0","25,15","31,28","27,86","84,43","349,70","1,73"
12/2021,Genuk,"114.303,0","4,0","0,0","25,21","31,28","27,80","84,69","173,00","1,94"
1/2021,Gunungpati,"94.065,0","3,0","0,0","24,79","29,98","26,92","88,39","285,85","1,77"
2/2021,Gunungpati,"94.065,0","2,0","0,0","24,36","29,64","26,66","91,64","481,30","2,50"
3/2021,Gunungpati,"94.065,0","2,0","0,0","25,09","30,97","27,58","88,79","132,15","1,79"
4/2021,Gunungpati,"94.065,0","2,0","0,0","25,40","31,98","28,30","82,13","132,70","1,95"
5/2021,Gunungpati,"94.065,0","1,0","0,0","25,60","33,17","29,00","79,61","252,90","1,79"
6/2021,Gunungpati,"94.065,0","0,0","0,0","25,60","32,54","28,34","78,37","135,25","1,90"
7/2021,Gunungpati,"94.065,0","1,0","0,0","24,17","33,42","28,33","70,13","17,15","2,05"
8/2021,Gunungpati,"94.065,0","0,0","0,0","24,83","33,84","28,60","74,48","62,50","2,1"
9/2021,Gunungpati,"94.065,0","3,0","0,0","24,84","33,72","28,76","75,23","233,15","2,23"
10/2021,Gunungpati,"94.065,0","0,0","0,0","25,50","33,52","29,05","76,94","119,10","1,94"
11/2021,Gunungpati,"94.065,0","7,0","0,0","25,15","31,28","27,86","84,43","349,70","1,73"
12/2021,Gunungpati,"94.065,0","6,0","0,0","25,21","31,28","27,80","84,69","173,00","1,94"
1/2021,Mijen,"73.728,0","1,0","0,0","24,79","29,98","26,92","88,39","285,85","1,77"
2/2021,Mijen,"73.728,0","0,0","0,0","24,36","29,64","26,66","91,64","481,30","2,50"
3/2021,Mijen,"73.728,0","0,0","0,0","25,09","30,97","27,58","88,79","132,15","1,79"
4/2021,Mijen,"73.728,0","2,0","0,0","25,40","31,98","28,30","82,13","132,70","1,95"
5/2021,Mijen,"73.728,0","2,0","0,0","25,60","33,17","29,00","79,61","252,90","1,79"
6/2021,Mijen,"73.728,0","3,0","0,0","25,60","32,54","28,34","78,37","135,25","1,90"
7/2021,Mijen,"73.728,0","1,0","0,0","24,17","33,42","28,33","70,13","17,15","2,05"
8/2021,Mijen,"73.728,0","1,0","0,0","24,83","33,84","28,60","74,48","62,50","2,1"
9/2021,Mijen,"73.728,0","3,0","0,0","24,84","33,72","28,76","75,23","233,15","2,23"
10/2021,Mijen,"73.728,0","2,0","0,0","25,50","33,52","29,05","76,94","119,10","1,94"
11/2021,Mijen,"73.728,0","1,0","0,0","25,15","31,28","27,86","84,43","349,70","1,73"
12/2021,Mijen,"73.728,0","0,0","0,0","25,21","31,28","27,80","84,69","173,00","1,94"
1/2021,Ngaliyan,"138.525,0","0,0","0,0","24,79","29,98","26,92","88,39","285,85","1,77"
2/2021,Ngaliyan,"138.525,0","2,0","0,0","24,36","29,64","26,66","91,64","481,30","2,50"
3/2021,Ngaliyan,"138.525,0","5,0","0,0","25,09","30,97","27,58","88,79","132,15","1,79"
4/2021,Ngaliyan,"138.525,0","1,0","0,0","25,40","31,98","28,30","82,13","132,70","1,95"
5/2021,Ngaliyan,"138.525,0","2,0","1,0","25,60","33,17","29,00","79,61","252,90","1,79"
6/2021,Ngaliyan,"138.525,0","0,0","0,0","25,60","32,54","28,34","78,37","135,25","1,90"
7/2021,Ngaliyan,"138.525,0","0,0","0,0","24,17","33,42","28,33","70,13","17,15","2,05"
8/2021,Ngaliyan,"138.525,0","0,0","0,0","24,83","33,84","28,60","74,48","62,50","2,1"
9/2021,Ngaliyan,"138.525,0","7,0","1,0","24,84","33,72","28,76","75,23","233,15","2,23"
10/2021,Ngaliyan,"138.525,0","5,0","0,0","25,50","33,52","29,05","76,94","119,10","1,94"
11/2021,Ngaliyan,"138.525,0","15,0","1,0","25,15","31,28","27,86","84,43","349,70","1,73"
12/2021,Ngaliyan,"138.525,0","18,0","1,0","25,21","31,28","27,80","84,69","173,00","1,94"
1/2021,Pedurungan,"192.653,0","1,0","0,0","24,79","29,98","26,92","88,39","285,85","1,77"
2/2021,Pedurungan,"192.653,0","3,0","0,0","24,36","29,64","26,66","91,64","481,30","2,50"
3/2021,Pedurungan,"192.653,0","3,0","0,0","25,09","30,97","27,58","88,79","132,15","1,79"
4/2021,Pedurungan,"192.653,0","5,0","0,0","25,40","31,98","28,30","82,13","132,70","1,95"
5/2021,Pedurungan,"192.653,0","1,0","0,0","25,60","33,17","29,00","79,61","252,90","1,79"
6/2021,Pedurungan,"192.653,0","3,0","0,0","25,60","32,54","28,34","78,37","135,25","1,90"
7/2021,Pedurungan,"192.653,0","0,0","0,0","24,17","33,42","28,33","70,13","17,15","2,05"
8/2021,Pedurungan,"192.653,0","0,0","0,0","24,83","33,84","28,60","74,48","62,50","2,1"
9/2021,Pedurungan,"192.653,0","0,0","0,0","24,84","33,72","28,76","75,23","233,15","2,23"
10/2021,Pedurungan,"192.653,0","2,0","0,0","25,50","33,52","29,05","76,94","119,10","1,94"
11/2021,Pedurungan,"192.653,0","2,0","0,0","25,15","31,28","27,86","84,43","349,70","1,73"
12/2021,Pedurungan,"192.653,0","7,0","1,0","25,21","31,28","27,80","84,69","173,00","1,94"
1/2021,Semarang Barat,"159.222,0","1,0","0,0","24,79","29,98","26,92","88,39","285,85","1,77"
2/2021,Semarang Barat,"159.222,0","0,0","0,0","24,36","29,64","26,66","91,64","481,30","2,50"
3/2021,Semarang Barat,"159.222,0","3,0","0,0","25,09","30,97","27,58","88,79","132,15","1,79"
4/2021,Semarang Barat,"159.222,0","2,0","0,0","25,40","31,98","28,30","82,13","132,70","1,95"
5/2021,Semarang Barat,"159.222,0","4,0","0,0","25,60","33,17","29,00","79,61","252,90","1,79"
6/2021,Semarang Barat,"159.222,0","2,0","0,0","25,60","32,54","28,34","78,37","135,25","1,90"
7/2021,Semarang Barat,"159.222,0","0,0","0,0","24,17","33,42","28,33","70,13","17,15","2,05"
8/2021,Semarang Barat,"159.222,0","2,0","0,0","24,83","33,84","28,60","74,48","62,50","2,1"
9/2021,Semarang Barat,"159.222,0","1,0","0,0","24,84","33,72","28,76","75,23","233,15","2,23"
10/2021,Semarang Barat,"159.222,0","0,0","0,0","25,50","33,52","29,05","76,94","119,10","1,94"
11/2021,Semarang Barat,"159.222,0","4,0","0,0","25,15","31,28","27,86","84,43","349,70","1,73"
12/2021,Semarang Barat,"159.222,0","1,0","0,0","25,21","31,28","27,80","84,69","173,00","1,94"
1/2021,Semarang Selatan,"69.530,0","0,0","0,0","24,79","29,98","26,92","88,39","285,85","1,77"
2/2021,Semarang Selatan,"69.530,0","1,0","0,0","24,36","29,64","26,66","91,64","481,30","2,50"
3/2021,Semarang Selatan,"69.530,0","2,0","0,0","25,09","30,97","27,58","88,79","132,15","1,79"
4/2021,Semarang Selatan,"69.530,0","0,0","0,0","25,40","31,98","28,30","82,13","132,70","1,95"
5/2021,Semarang Selatan,"69.530,0","0,0","0,0","25,60","33,17","29,00","79,61","252,90","1,79"
6/2021,Semarang Selatan,"69.530,0","0,0","0,0","25,60","32,54","28,34","78,37","135,25","1,90"
7/2021,Semarang Selatan,"69.530,0","0,0","0,0","24,17","33,42","28,33","70,13","17,15","2,05"
8/2021,Semarang Selatan,"69.530,0","0,0","0,0","24,83","33,84","28,60","74,48","62,50","2,1"
9/2021,Semarang Selatan,"69.530,0","1,0","0,0","24,84","33,72","28,76","75,23","233,15","2,23"
10/2021,Semarang Selatan,"69.530,0","3,0","0,0","25,50","33,52","29,05","76,94","119,10","1,94"
11/2021,Semarang Selatan,"69.530,0","2,0","0,0","25,15","31,28","27,86","84,43","349,70","1,73"
12/2021,Semarang Selatan,"69.530,0","0,0","0,0","25,21","31,28","27,80","84,69","173,00","1,94"
1/2021,Semarang Tengah,"61.288,0","0,0","0,0","24,79","29,98","26,92","88,39","285,85","1,77"
2/2021,Semarang Tengah,"61.288,0","1,0","1,0","24,36","29,64","26,66","91,64","481,30","2,50"
3/2021,Semarang Tengah,"61.288,0","0,0","0,0","25,09","30,97","27,58","88,79","132,15","1,79"
4/2021,Semarang Tengah,"61.288,0","0,0","0,0","25,40","31,98","28,30","82,13","132,70","1,95"
5/2021,Semarang Tengah,"61.288,0","1,0","0,0","25,60","33,17","29,00","79,61","252,90","1,79"
6/2021,Semarang Tengah,"61.288,0","1,0","0,0","25,60","32,54","28,34","78,37","135,25","1,90"
7/2021,Semarang Tengah,"61.288,0","1,0","0,0","24,17","33,42","28,33","70,13","17,15","2,05"
8/2021,Semarang Tengah,"61.288,0","0,0","0,0","24,83","33,84","28,60","74,48","62,50","2,1"
9/2021,Semarang Tengah,"61.288,0","0,0","0,0","24,84","33,72","28,76","75,23","233,15","2,23"
10/2021,Semarang Tengah,"61.288,0","1,0","0,0","25,50","33,52","29,05","76,94","119,10","1,94"
11/2021,Semarang Tengah,"61.288,0","0,0","0,0","25,15","31,28","27,86","84,43","349,70","1,73"
12/2021,Semarang Tengah,"61.288,0","0,0","0,0","25,21","31,28","27,80","84,69","173,00","1,94"
1/2021,Semarang Timur,"73.546,0","1,0","0,0","24,79","29,98","26,92","88,39","285,85","1,77"
2/2021,Semarang Timur,"73.546,0","0,0","0,0","24,36","29,64","26,66","91,64","481,30","2,50"
3/2021,Semarang Timur,"73.546,0","1,0","0,0","25,09","30,97","27,58","88,79","132,15","1,79"
4/2021,Semarang Timur,"73.546,0","1,0","0,0","25,40","31,98","28,30","82,13","132,70","1,95"
5/2021,Semarang Timur,"73.546,0","1,0","0,0","25,60","33,17","29,00","79,61","252,90","1,79"
6/2021,Semarang Timur,"73.546,0","1,0","0,0","25,60","32,54","28,34","78,37","135,25","1,90"
7/2021,Semarang Timur,"73.546,0","0,0","0,0","24,17","33,42","28,33","70,13","17,15","2,05"
8/2021,Semarang Timur,"73.546,0","0,0","0,0","24,83","33,84","28,60","74,48","62,50","2,1"
9/2021,Semarang Timur,"73.546,0","0,0","0,0","24,84","33,72","28,76","75,23","233,15","2,23"
10/2021,Semarang Timur,"73.546,0","0,0","0,0","25,50","33,52","29,05","76,94","119,10","1,94"
11/2021,Semarang Timur,"73.546,0","1,0","0,0","25,15","31,28","27,86","84,43","349,70","1,73"
12/2021,Semarang Timur,"73.546,0","2,0","0,0","25,21","31,28","27,80","84,69","173,00","1,94"
1/2021,Semarang Utara,"126.148,0","1,0","0,0","24,79","29,98","26,92","88,39","285,85","1,77"
2/2021,Semarang Utara,"126.148,0","0,0","0,0","24,36","29,64","26,66","91,64","481,30","2,50"
3/2021,Semarang Utara,"126.148,0","0,0","0,0","25,09","30,97","27,58","88,79","132,15","1,79"
4/2021,Semarang Utara,"126.148,0","0,0","0,0","25,40","31,98","28,30","82,13","132,70","1,95"
5/2021,Semarang Utara,"126.148,0","0,0","0,0","25,60","33,17","29,00","79,61","252,90","1,79"
6/2021,Semarang Utara,"126.148,0","1,0","0,0","25,60","32,54","28,34","78,37","135,25","1,90"
7/2021,Semarang Utara,"126.148,0","0,0","0,0","24,17","33,42","28,33","70,13","17,15","2,05"
8/2021,Semarang Utara,"126.148,0","0,0","0,0","24,83","33,84","28,60","74,48","62,50","2,1"
9/2021,Semarang Utara,"126.148,0","0,0","0,0","24,84","33,72","28,76","75,23","233,15","2,23"
10/2021,Semarang Utara,"126.148,0","0,0","0,0","25,50","33,52","29,05","76,94","119,10","1,94"
11/2021,Semarang Utara,"126.148,0","0,0","0,0","25,15","31,28","27,86","84,43","349,70","1,73"
12/2021,Semarang Utara,"126.148,0","1,0","0,0","25,21","31,28","27,80","84,69","173,00","1,94"
1/2021,Tembalang,"178.914,0","4,0","1,0","24,79","29,98","26,92","88,39","285,85","1,77"
2/2021,Tembalang,"178.914,0","3,0","0,0","24,36","29,64","26,66","91,64","481,30","2,50"
3/2021,Tembalang,"178.914,0","7,0","0,0","25,09","30,97","27,58","88,79","132,15","1,79"
4/2021,Tembalang,"178.914,0","1,0","0,0","25,40","31,98","28,30","82,13","132,70","1,95"
5/2021,Tembalang,"178.914,0","6,0","0,0","25,60","33,17","29,00","79,61","252,90","1,79"
6/2021,Tembalang,"178.914,0","1,0","0,0","25,60","32,54","28,34","78,37","135,25","1,90"
7/2021,Tembalang,"178.914,0","2,0","0,0","24,17","33,42","28,33","70,13","17,15","2,05"
8/2021,Tembalang,"178.914,0","4,0","0,0","24,83","33,84","28,60","74,48","62,50","2,1"
9/2021,Tembalang,"178.914,0","4,0","0,0","24,84","33,72","28,76","75,23","233,15","2,23"
10/2021,Tembalang,"178.914,0","3,0","0,0","25,50","33,52","29,05","76,94","119,10","1,94"
11/2021,Tembalang,"178.914,0","10,0","0,0","25,15","31,28","27,86","84,43","349,70","1,73"
12/2021,Tembalang,"178.914,0","9,0","0,0","25,21","31,28","27,80","84,69","173,00","1,94"
1/2021,Tugu,"33.634,0","0,0","0,0","24,79","29,98","26,92","88,39","285,85","1,77"
2/2021,Tugu,"33.634,0","0,0","0,0","24,36","29,64","26,66","91,64","481,30","2,50"
3/2021,Tugu,"33.634,0","0,0","0,0","25,09","30,97","27,58","88,79","132,15","1,79"
4/2021,Tugu,"33.634,0","1,0","0,0","25,40","31,98","28,30","82,13","132,70","1,95"
5/2021,Tugu,"33.634,0","0,0","0,0","25,60","33,17","29,00","79,61","252,90","1,79"
6/2021,Tugu,"33.634,0","0,0","0,0","25,60","32,54","28,34","78,37","135,25","1,90"
7/2021,Tugu,"33.634,0","0,0","0,0","24,17","33,42","28,33","70,13","17,15","2,05"
8/2021,Tugu,"33.634,0","1,0","0,0","24,83","33,84","28,60","74,48","62,50","2,1"
9/2021,Tugu,"33.634,0","1,0","0,0","24,84","33,72","28,76","75,23","233,15","2,23"
10/2021,Tugu,"33.634,0","1,0","0,0","25,50","33,52","29,05","76,94","119,10","1,94"
11/2021,Tugu,"33.634,0","0,0","0,0","25,15","31,28","27,86","84,43","349,70","1,73"
12/2021,Tugu,"33.634,0","1,0","0,0","25,21","31,28","27,80","84,69","173,00","1,94"
1/2022,Banyumanik,"139.846,0","9,0","0,0","24,90","30,86","27,44","84,13","329,30","2,52"
2/2022,Banyumanik,"139.846,0","15,0","0,0","24,48","31,09","27,30","85,21","350,85","2,14"
3/2022,Banyumanik,"139.846,0","12,0","0,0","24,99","31,51","27,83","84,61","164,80","1,97"
4/2022,Banyumanik,"139.846,0","9,0","0,0","25,03","32,54","28,26","80,77","136,50","1,93"
5/2022,Banyumanik,"139.846,0","16,0","0,0","25,41","32,98","28,72","79,05","245,35","2,1"
6/2022,Banyumanik,"139.846,0","7,0","0,0","24,08","32,71","27,78","79,53","233,60","1,98"
7/2022,Banyumanik,"139.846,0","3,0","1,0","24,23","33,32","28,22","75,98","125,50","2,31"
8/2022,Banyumanik,"139.846,0","8,0","1,0","24,32","33,65","28,60","74,13","83,55","2,52"
9/2022,Banyumanik,"139.846,0","4,0","1,0","24,49","34,04","29,02","74,67","128,00","2,33"
10/2022,Banyumanik,"139.846,0","3,0","0,0","24,65","32,19","27,92","81,29","296,70","1,74"
11/2022,Banyumanik,"139.846,0","5,0","0,0","24,74","32,04","28,05","81,50","336,80","1,77"
12/2022,Banyumanik,"139.846,0","8,0","0,0","24,52","31,59","27,82","82,26","357,20","2,1"
1/2022,Candisari,"80.625,0","4,0","0,0","24,90","30,86","27,44","84,13","329,30","2,52"
2/2022,Candisari,"80.625,0","4,0","0,0","24,48","31,09","27,30","85,21","350,85","2,14"
3/2022,Candisari,"80.625,0","1,0","0,0","24,99","31,51","27,83","84,61","164,80","1,97"
4/2022,Candisari,"80.625,0","8,0","0,0","25,03","32,54","28,26","80,77","136,50","1,93"
5/2022,Candisari,"80.625,0","4,0","0,0","25,41","32,98","28,72","79,05","245,35","2,1"
6/2022,Candisari,"80.625,0","8,0","0,0","24,08","32,71","27,78","79,53","233,60","1,98"
7/2022,Candisari,"80.625,0","3,0","0,0","24,23","33,32","28,22","75,98","125,50","2,31"
8/2022,Candisari,"80.625,0","5,0","0,0","24,32","33,65","28,60","74,13","83,55","2,52"
9/2022,Candisari,"80.625,0","2,0","0,0","24,49","34,04","29,02","74,67","128,00","2,33"
10/2022,Candisari,"80.625,0","4,0","0,0","24,65","32,19","27,92","81,29","296,70","1,74"
11/2022,Candisari,"80.625,0","4,0","0,0","24,74","32,04","28,05","81,50","336,80","1,77"
12/2022,Candisari,"80.625,0","3,0","0,0","24,52","31,59","27,82","82,26","357,20","2,1"
1/2022,Gajah Mungkur,"60.243,0","6,0","0,0","24,90","30,86","27,44","84,13","329,30","2,52"
2/2022,Gajah Mungkur,"60.243,0","3,0","0,0","24,48","31,09","27,30","85,21","350,85","2,14"
3/2022,Gajah Mungkur,"60.243,0","1,0","0,0","24,99","31,51","27,83","84,61","164,80","1,97"
4/2022,Gajah Mungkur,"60.243,0","1,0","0,0","25,03","32,54","28,26","80,77","136,50","1,93"
5/2022,Gajah Mungkur,"60.243,0","0,0","0,0","25,41","32,98","28,72","79,05","245,35","2,1"
6/2022,Gajah Mungkur,"60.243,0","1,0","0,0","24,08","32,71","27,78","79,53","233,60","1,98"
7/2022,Gajah Mungkur,"60.243,0","3,0","1,0","24,23","33,32","28,22","75,98","125,50","2,31"
8/2022,Gajah Mungkur,"60.243,0","3,0","0,0","24,32","33,65","28,60","74,13","83,55","2,52"
9/2022,Gajah Mungkur,"60.243,0","1,0","0,0","24,49","34,04","29,02","74,67","128,00","2,33"
10/2022,Gajah Mungkur,"60.243,0","2,0","0,0","24,65","32,19","27,92","81,29","296,70","1,74"
11/2022,Gajah Mungkur,"60.243,0","2,0","0,0","24,74","32,04","28,05","81,50","336,80","1,77"
12/2022,Gajah Mungkur,"60.243,0","0,0","0,0","24,52","31,59","27,82","82,26","357,20","2,1"
1/2022,Gayamsari,"74.109,0","1,0","0,0","24,90","30,86","27,44","84,13","329,30","2,52"
2/2022,Gayamsari,"74.109,0","2,0","0,0","24,48","31,09","27,30","85,21","350,85","2,14"
3/2022,Gayamsari,"74.109,0","2,0","0,0","24,99","31,51","27,83","84,61","164,80","1,97"
4/2022,Gayamsari,"74.109,0","0,0","0,0","25,03","32,54","28,26","80,77","136,50","1,93"
5/2022,Gayamsari,"74.109,0","1,0","0,0","25,41","32,98","28,72","79,05","245,35","2,1"
6/2022,Gayamsari,"74.109,0","0,0","0,0","24,08","32,71","27,78","79,53","233,60","1,98"
7/2022,Gayamsari,"74.109,0","1,0","0,0","24,23","33,32","28,22","75,98","125,50","2,31"
8/2022,Gayamsari,"74.109,0","0,0","0,0","24,32","33,65","28,60","74,13","83,55","2,52"
9/2022,Gayamsari,"74.109,0","1,0","1,0","24,49","34,04","29,02","74,67","128,00","2,33"
10/2022,Gayamsari,"74.109,0","1,0","0,0","24,65","32,19","27,92","81,29","296,70","1,74"
11/2022,Gayamsari,"74.109,0","0,0","0,0","24,74","32,04","28,05","81,50","336,80","1,77"
12/2022,Gayamsari,"74.109,0","0,0","0,0","24,52","31,59","27,82","82,26","357,20","2,1"
1/2022,Genuk,"114.303,0","3,0","0,0","24,90","30,86","27,44","84,13","329,30","2,52"
2/2022,Genuk,"114.303,0","1,0","0,0","24,48","31,09","27,30","85,21","350,85","2,14"
3/2022,Genuk,"114.303,0","4,0","0,0","24,99","31,51","27,83","84,61","164,80","1,97"
4/2022,Genuk,"114.303,0","6,0","0,0","25,03","32,54","28,26","80,77","136,50","1,93"
5/2022,Genuk,"114.303,0","8,0","0,0","25,41","32,98","28,72","79,05","245,35","2,1"
6/2022,Genuk,"114.303,0","3,0","0,0","24,08","32,71","27,78","79,53","233,60","1,98"
7/2022,Genuk,"114.303,0","7,0","0,0","24,23","33,32","28,22","75,98","125,50","2,31"
8/2022,Genuk,"114.303,0","5,0","0,0","24,32","33,65","28,60","74,13","83,55","2,52"
9/2022,Genuk,"114.303,0","3,0","0,0","24,49","34,04","29,02","74,67","128,00","2,33"
10/2022,Genuk,"114.303,0","3,0","0,0","24,65","32,19","27,92","81,29","296,70","1,74"
11/2022,Genuk,"114.303,0","3,0","0,0","24,74","32,04","28,05","81,50","336,80","1,77"
12/2022,Genuk,"114.303,0","6,0","0,0","24,52","31,59","27,82","82,26","357,20","2,1"
1/2022,Gunungpati,"94.065,0","6,0","0,0","24,90","30,86","27,44","84,13","329,30","2,52"
2/2022,Gunungpati,"94.065,0","4,0","0,0","24,48","31,09","27,30","85,21","350,85","2,14"
3/2022,Gunungpati,"94.065,0","5,0","1,0","24,99","31,51","27,83","84,61","164,80","1,97"
4/2022,Gunungpati,"94.065,0","2,0","0,0","25,03","32,54","28,26","80,77","136,50","1,93"
5/2022,Gunungpati,"94.065,0","2,0","1,0","25,41","32,98","28,72","79,05","245,35","2,1"
6/2022,Gunungpati,"94.065,0","1,0","0,0","24,08","32,71","27,78","79,53","233,60","1,98"
7/2022,Gunungpati,"94.065,0","2,0","0,0","24,23","33,32","28,22","75,98","125,50","2,31"
8/2022,Gunungpati,"94.065,0","3,0","1,0","24,32","33,65","28,60","74,13","83,55","2,52"
9/2022,Gunungpati,"94.065,0","3,0","0,0","24,49","34,04","29,02","74,67","128,00","2,33"
10/2022,Gunungpati,"94.065,0","1,0","0,0","24,65","32,19","27,92","81,29","296,70","1,74"
11/2022,Gunungpati,"94.065,0","9,0","0,0","24,74","32,04","28,05","81,50","336,80","1,77"
12/2022,Gunungpati,"94.065,0","8,0","1,0","24,52","31,59","27,82","82,26","357,20","2,1"
1/2022,Mijen,"73.728,0","9,0","1,0","24,90","30,86","27,44","84,13","329,30","2,52"
2/2022,Mijen,"73.728,0","3,0","0,0","24,48","31,09","27,30","85,21","350,85","2,14"
3/2022,Mijen,"73.728,0","2,0","0,0","24,99","31,51","27,83","84,61","164,80","1,97"
4/2022,Mijen,"73.728,0","6,0","0,0","25,03","32,54","28,26","80,77","136,50","1,93"
5/2022,Mijen,"73.728,0","3,0","0,0","25,41","32,98","28,72","79,05","245,35","2,1"
6/2022,Mijen,"73.728,0","4,0","0,0","24,08","32,71","27,78","79,53","233,60","1,98"
7/2022,Mijen,"73.728,0","6,0","0,0","24,23","33,32","28,22","75,98","125,50","2,31"
8/2022,Mijen,"73.728,0","7,0","1,0","24,32","33,65","28,60","74,13","83,55","2,52"
9/2022,Mijen,"73.728,0","6,0","1,0","24,49","34,04","29,02","74,67","128,00","2,33"
10/2022,Mijen,"73.728,0","4,0","0,0","24,65","32,19","27,92","81,29","296,70","1,74"
11/2022,Mijen,"73.728,0","4,0","0,0","24,74","32,04","28,05","81,50","336,80","1,77"
12/2022,Mijen,"73.728,0","3,0","0,0","24,52","31,59","27,82","82,26","357,20","2,1"
1/2022,Ngaliyan,"138.525,0","20,0","1,0","24,90","30,86","27,44","84,13","329,30","2,52"
2/2022,Ngaliyan,"138.525,0","11,0","0,0","24,48","31,09","27,30","85,21","350,85","2,14"
3/2022,Ngaliyan,"138.525,0","5,0","0,0","24,99","31,51","27,83","84,61","164,80","1,97"
4/2022,Ngaliyan,"138.525,0","9,0","1,0","25,03","32,54","28,26","80,77","136,50","1,93"
5/2022,Ngaliyan,"138.525,0","5,0","0,0","25,41","32,98","28,72","79,05","245,35","2,1"
6/2022,Ngaliyan,"138.525,0","9,0","3,0","24,08","32,71","27,78","79,53","233,60","1,98"
7/2022,Ngaliyan,"138.525,0","8,0","0,0","24,23","33,32","28,22","75,98","125,50","2,31"
8/2022,Ngaliyan,"138.525,0","10,0","0,0","24,32","33,65","28,60","74,13","83,55","2,52"
9/2022,Ngaliyan,"138.525,0","7,0","0,0","24,49","34,04","29,02","74,67","128,00","2,33"
10/2022,Ngaliyan,"138.525,0","4,0","0,0","24,65","32,19","27,92","81,29","296,70","1,74"
11/2022,Ngaliyan,"138.525,0","1,0","0,0","24,74","32,04","28,05","81,50","336,80","1,77"
12/2022,Ngaliyan,"138.525,0","2,0","0,0","24,52","31,59","27,82","82,26","357,20","2,1"
1/2022,Pedurungan,"192.653,0","7,0","0,0","24,90","30,86","27,44","84,13","329,30","2,52"
2/2022,Pedurungan,"192.653,0","9,0","0,0","24,48","31,09","27,30","85,21","350,85","2,14"
3/2022,Pedurungan,"192.653,0","7,0","0,0","24,99","31,51","27,83","84,61","164,80","1,97"
4/2022,Pedurungan,"192.653,0","8,0","0,0","25,03","32,54","28,26","80,77","136,50","1,93"
5/2022,Pedurungan,"192.653,0","12,0","0,0","25,41","32,98","28,72","79,05","245,35","2,1"
6/2022,Pedurungan,"192.653,0","4,0","0,0","24,08","32,71","27,78","79,53","233,60","1,98"
7/2022,Pedurungan,"192.653,0","5,0","0,0","24,23","33,32","28,22","75,98","125,50","2,31"
8/2022,Pedurungan,"192.653,0","5,0","0,0","24,32","33,65","28,60","74,13","83,55","2,52"
9/2022,Pedurungan,"192.653,0","2,0","0,0","24,49","34,04","29,02","74,67","128,00","2,33"
10/2022,Pedurungan,"192.653,0","4,0","0,0","24,65","32,19","27,92","81,29","296,70","1,74"
11/2022,Pedurungan,"192.653,0","7,0","0,0","24,74","32,04","28,05","81,50","336,80","1,77"
12/2022,Pedurungan,"192.653,0","10,0","0,0","24,52","31,59","27,82","82,26","357,20","2,1"
1/2022,Semarang Barat,"159.222,0","8,0","1,0","24,90","30,86","27,44","84,13","329,30","2,52"
2/2022,Semarang Barat,"159.222,0","9,0","0,0","24,48","31,09","27,30","85,21","350,85","2,14"
3/2022,Semarang Barat,"159.222,0","13,0","2,0","24,99","31,51","27,83","84,61","164,80","1,97"
4/2022,Semarang Barat,"159.222,0","11,0","0,0","25,03","32,54","28,26","80,77","136,50","1,93"
5/2022,Semarang Barat,"159.222,0","3,0","0,0","25,41","32,98","28,72","79,05","245,35","2,1"
6/2022,Semarang Barat,"159.222,0","7,0","0,0","24,08","32,71","27,78","79,53","233,60","1,98"
7/2022,Semarang Barat,"159.222,0","4,0","2,0","24,23","33,32","28,22","75,98","125,50","2,31"
8/2022,Semarang Barat,"159.222,0","3,0","0,0","24,32","33,65","28,60","74,13","83,55","2,52"
9/2022,Semarang Barat,"159.222,0","3,0","0,0","24,49","34,04","29,02","74,67","128,00","2,33"
10/2022,Semarang Barat,"159.222,0","5,0","0,0","24,65","32,19","27,92","81,29","296,70","1,74"
11/2022,Semarang Barat,"159.222,0","6,0","0,0","24,74","32,04","28,05","81,50","336,80","1,77"
12/2022,Semarang Barat,"159.222,0","3,0","0,0","24,52","31,59","27,82","82,26","357,20","2,1"
1/2022,Semarang Selatan,"69.530,0","2,0","0,0","24,90","30,86","27,44","84,13","329,30","2,52"
2/2022,Semarang Selatan,"69.530,0","4,0","0,0","24,48","31,09","27,30","85,21","350,85","2,14"
3/2022,Semarang Selatan,"69.530,0","4,0","0,0","24,99","31,51","27,83","84,61","164,80","1,97"
4/2022,Semarang Selatan,"69.530,0","1,0","0,0","25,03","32,54","28,26","80,77","136,50","1,93"
5/2022,Semarang Selatan,"69.530,0","2,0","0,0","25,41","32,98","28,72","79,05","245,35","2,1"
6/2022,Semarang Selatan,"69.530,0","4,0","0,0","24,08","32,71","27,78","79,53","233,60","1,98"
7/2022,Semarang Selatan,"69.530,0","3,0","0,0","24,23","33,32","28,22","75,98","125,50","2,31"
8/2022,Semarang Selatan,"69.530,0","2,0","0,0","24,32","33,65","28,60","74,13","83,55","2,52"
9/2022,Semarang Selatan,"69.530,0","0,0","0,0","24,49","34,04","29,02","74,67","128,00","2,33"
10/2022,Semarang Selatan,"69.530,0","0,0","0,0","24,65","32,19","27,92","81,29","296,70","1,74"
11/2022,Semarang Selatan,"69.530,0","3,0","0,0","24,74","32,04","28,05","81,50","336,80","1,77"
12/2022,Semarang Selatan,"69.530,0","3,0","0,0","24,52","31,59","27,82","82,26","357,20","2,1"
1/2022,Semarang Tengah,"61.288,0","2,0","0,0","24,90","30,86","27,44","84,13","329,30","2,52"
2/2022,Semarang Tengah,"61.288,0","1,0","0,0","24,48","31,09","27,30","85,21","350,85","2,14"
3/2022,Semarang Tengah,"61.288,0","2,0","1,0","24,99","31,51","27,83","84,61","164,80","1,97"
4/2022,Semarang Tengah,"61.288,0","4,0","1,0","25,03","32,54","28,26","80,77","136,50","1,93"
5/2022,Semarang Tengah,"61.288,0","1,0","0,0","25,41","32,98","28,72","79,05","245,35","2,1"
6/2022,Semarang Tengah,"61.288,0","0,0","0,0","24,08","32,71","27,78","79,53","233,60","1,98"
7/2022,Semarang Tengah,"61.288,0","1,0","0,0","24,23","33,32","28,22","75,98","125,50","2,31"
8/2022,Semarang Tengah,"61.288,0","2,0","0,0","24,32","33,65","28,60","74,13","83,55","2,52"
9/2022,Semarang Tengah,"61.288,0","2,0","0,0","24,49","34,04","29,02","74,67","128,00","2,33"
10/2022,Semarang Tengah,"61.288,0","0,0","0,0","24,65","32,19","27,92","81,29","296,70","1,74"
11/2022,Semarang Tengah,"61.288,0","1,0","0,0","24,74","32,04","28,05","81,50","336,80","1,77"
12/2022,Semarang Tengah,"61.288,0","0,0","0,0","24,52","31,59","27,82","82,26","357,20","2,1"
1/2022,Semarang Timur,"73.546,0","1,0","1,0","24,90","30,86","27,44","84,13","329,30","2,52"
2/2022,Semarang Timur,"73.546,0","0,0","0,0","24,48","31,09","27,30","85,21","350,85","2,14"
3/2022,Semarang Timur,"73.546,0","1,0","0,0","24,99","31,51","27,83","84,61","164,80","1,97"
4/2022,Semarang Timur,"73.546,0","5,0","0,0","25,03","32,54","28,26","80,77","136,50","1,93"
5/2022,Semarang Timur,"73.546,0","2,0","0,0","25,41","32,98","28,72","79,05","245,35","2,1"
6/2022,Semarang Timur,"73.546,0","2,0","0,0","24,08","32,71","27,78","79,53","233,60","1,98"
7/2022,Semarang Timur,"73.546,0","3,0","0,0","24,23","33,32","28,22","75,98","125,50","2,31"
8/2022,Semarang Timur,"73.546,0","4,0","0,0","24,32","33,65","28,60","74,13","83,55","2,52"
9/2022,Semarang Timur,"73.546,0","0,0","0,0","24,49","34,04","29,02","74,67","128,00","2,33"
10/2022,Semarang Timur,"73.546,0","0,0","0,0","24,65","32,19","27,92","81,29","296,70","1,74"
11/2022,Semarang Timur,"73.546,0","0,0","0,0","24,74","32,04","28,05","81,50","336,80","1,77"
12/2022,Semarang Timur,"73.546,0","3,0","0,0","24,52","31,59","27,82","82,26","357,20","2,1"
1/2022,Semarang Utara,"126.148,0","4,0","0,0","24,90","30,86","27,44","84,13","329,30","2,52"
2/2022,Semarang Utara,"126.148,0","5,0","0,0","24,48","31,09","27,30","85,21","350,85","2,14"
3/2022,Semarang Utara,"126.148,0","2,0","0,0","24,99","31,51","27,83","84,61","164,80","1,97"
4/2022,Semarang Utara,"126.148,0","6,0","0,0","25,03","32,54","28,26","80,77","136,50","1,93"
5/2022,Semarang Utara,"126.148,0","10,0","1,0","25,41","32,98","28,72","79,05","245,35","2,1"
6/2022,Semarang Utara,"126.148,0","8,0","0,0","24,08","32,71","27,78","79,53","233,60","1,98"
7/2022,Semarang Utara,"126.148,0","12,0","2,0","24,23","33,32","28,22","75,98","125,50","2,31"
8/2022,Semarang Utara,"126.148,0","11,0","0,0","24,32","33,65","28,60","74,13","83,55","2,52"
9/2022,Semarang Utara,"126.148,0","4,0","0,0","24,49","34,04","29,02","74,67","128,00","2,33"
10/2022,Semarang Utara,"126.148,0","2,0","0,0","24,65","32,19","27,92","81,29","296,70","1,74"
11/2022,Semarang Utara,"126.148,0","1,0","0,0","24,74","32,04","28,05","81,50","336,80","1,77"
12/2022,Semarang Utara,"126.148,0","1,0","0,0","24,52","31,59","27,82","82,26","357,20","2,1"
1/2022,Tembalang,"178.914,0","11,0","0,0","24,90","30,86","27,44","84,13","329,30","2,52"
2/2022,Tembalang,"178.914,0","16,0","0,0","24,48","31,09","27,30","85,21","350,85","2,14"
3/2022,Tembalang,"178.914,0","18,0","0,0","24,99","31,51","27,83","84,61","164,80","1,97"
4/2022,Tembalang,"178.914,0","8,0","0,0","25,03","32,54","28,26","80,77","136,50","1,93"
5/2022,Tembalang,"178.914,0","12,0","0,0","25,41","32,98","28,72","79,05","245,35","2,1"
6/2022,Tembalang,"178.914,0","8,0","0,0","24,08","32,71","27,78","79,53","233,60","1,98"
7/2022,Tembalang,"178.914,0","8,0","0,0","24,23","33,32","28,22","75,98","125,50","2,31"
8/2022,Tembalang,"178.914,0","11,0","0,0","24,32","33,65","28,60","74,13","83,55","2,52"
9/2022,Tembalang,"178.914,0","6,0","0,0","24,49","34,04","29,02","74,67","128,00","2,33"
10/2022,Tembalang,"178.914,0","2,0","0,0","24,65","32,19","27,92","81,29","296,70","1,74"
11/2022,Tembalang,"178.914,0","10,0","0,0","24,74","32,04","28,05","81,50","336,80","1,77"
12/2022,Tembalang,"178.914,0","13,0","0,0","24,52","31,59","27,82","82,26","357,20","2,1"
1/2022,Tugu,"33.634,0","1,0","0,0","24,90","30,86","27,44","84,13","329,30","2,52"
2/2022,Tugu,"33.634,0","6,0","1,0","24,48","31,09","27,30","85,21","350,85","2,14"
3/2022,Tugu,"33.634,0","2,0","1,0","24,99","31,51","27,83","84,61","164,80","1,97"
4/2022,Tugu,"33.634,0","8,0","3,0","25,03","32,54","28,26","80,77","136,50","1,93"
5/2022,Tugu,"33.634,0","1,0","0,0","25,41","32,98","28,72","79,05","245,35","2,1"
6/2022,Tugu,"33.634,0","0,0","0,0","24,08","32,71","27,78","79,53","233,60","1,98"
7/2022,Tugu,"33.634,0","2,0","0,0","24,23","33,32","28,22","75,98","125,50","2,31"
8/2022,Tugu,"33.634,0","1,0","0,0","24,32","33,65","28,60","74,13","83,55","2,52"
9/2022,Tugu,"33.634,0","1,0","0,0","24,49","34,04","29,02","74,67","128,00","2,33"
10/2022,Tugu,"33.634,0","1,0","0,0","24,65","32,19","27,92","81,29","296,70","1,74"
11/2022,Tugu,"33.634,0","2,0","0,0","24,74","32,04","28,05","81,50","336,80","1,77"
12/2022,Tugu,"33.634,0","3,0","0,0","24,52","31,59","27,82","82,26","357,20","2,1"
1/2023,Banyumanik,"139.846,0","11,0","1,0","24,49","30,97","27,32","85,92","382,10","2,26"
2/2023,Banyumanik,"139.846,0","3,0","0,0","24,50","30,76","26,84","86,86","380,70","2,46"
3/2023,Banyumanik,"139.846,0","3,0","0,0","24,95","31,73","27,89","82,37","193,85","2,08"
4/2023,Banyumanik,"139.846,0","5,0","0,0","25,30","32,68","28,53","80,70","111,30","1,87"
5/2023,Banyumanik,"139.846,0","4,0","0,0","24,94","33,69","29,25","74,55","110,90","2,03"
6/2023,Banyumanik,"139.846,0","2,0","0,0","24,85","34,03","29,1","75,43","92,25","1,94"
7/2023,Banyumanik,"139.846,0","1,0","0,0","23,47","33,80","27,90","74,50","169,65","1,83"
8/2023,Banyumanik,"139.846,0","0,0","0,0","23,38","34,68","28,42","68,73","28,70","2,27"
9/2023,Banyumanik,"139.846,0","0,0","0,0","23,58","36,08","29,30","66,35","5,00","2,52"
10/2023,Banyumanik,"139.846,0","0,0","0,0","25,30","36,68","30,69","65,60","30,1","2,50"
11/2023,Banyumanik,"139.846,0","2,0","0,0","25,48","34,85","30,75","70,42","267,90","1,93"
12/2023,Banyumanik,"139.846,0","3,0","0,0","25,55","33,46","30,21","72,21","258,50","1,76"
1/2023,Candisari,"80.625,0","5,0","1,0","24,49","30,97","27,32","85,92","382,10","2,26"
2/2023,Candisari,"80.625,0","3,0","0,0","24,50","30,76","26,84","86,86","380,70","2,46"
3/2023,Candisari,"80.625,0","1,0","0,0","24,95","31,73","27,89","82,37","193,85","2,08"
4/2023,Candisari,"80.625,0","1,0","0,0","25,30","32,68","28,53","80,70","111,30","1,87"
5/2023,Candisari,"80.625,0","1,0","0,0","24,94","33,69","29,25","74,55","110,90","2,03"
6/2023,Candisari,"80.625,0","0,0","0,0","24,85","34,03","29,1","75,43","92,25","1,94"
7/2023,Candisari,"80.625,0","0,0","0,0","23,47","33,80","27,90","74,50","169,65","1,83"
8/2023,Candisari,"80.625,0","0,0","0,0","23,38","34,68","28,42","68,73","28,70","2,27"
9/2023,Candisari,"80.625,0","1,0","0,0","23,58","36,08","29,30","66,35","5,00","2,52"
10/2023,Candisari,"80.625,0","1,0","0,0","25,30","36,68","30,69","65,60","30,1","2,50"
11/2023,Candisari,"80.625,0","0,0","0,0","25,48","34,85","30,75","70,42","267,90","1,93"
12/2023,Candisari,"80.625,0","0,0","0,0","25,55","33,46","30,21","72,21","258,50","1,76"
1/2023,Gajah Mungkur,"60.243,0","2,0","0,0","24,49","30,97","27,32","85,92","382,10","2,26"
2/2023,Gajah Mungkur,"60.243,0","2,0","0,0","24,50","30,76","26,84","86,86","380,70","2,46"
3/2023,Gajah Mungkur,"60.243,0","0,0","0,0","24,95","31,73","27,89","82,37","193,85","2,08"
4/2023,Gajah Mungkur,"60.243,0","0,0","0,0","25,30","32,68","28,53","80,70","111,30","1,87"
5/2023,Gajah Mungkur,"60.243,0","0,0","0,0","24,94","33,69","29,25","74,55","110,90","2,03"
6/2023,Gajah Mungkur,"60.243,0","0,0","0,0","24,85","34,03","29,1","75,43","92,25","1,94"
7/2023,Gajah Mungkur,"60.243,0","0,0","0,0","23,47","33,80","27,90","74,50","169,65","1,83"
8/2023,Gajah Mungkur,"60.243,0","0,0","0,0","23,38","34,68","28,42","68,73","28,70","2,27"
9/2023,Gajah Mungkur,"60.243,0","0,0","0,0","23,58","36,08","29,30","66,35","5,00","2,52"
10/2023,Gajah Mungkur,"60.243,0","0,0","0,0","25,30","36,68","30,69","65,60","30,1","2,50"
11/2023,Gajah Mungkur,"60.243,0","0,0","0,0","25,48","34,85","30,75","70,42","267,90","1,93"
12/2023,Gajah Mungkur,"60.243,0","0,0","0,0","25,55","33,46","30,21","72,21","258,50","1,76"
1/2023,Gayamsari,"74.109,0","3,0","0,0","24,49","30,97","27,32","85,92","382,10","2,26"
2/2023,Gayamsari,"74.109,0","2,0","0,0","24,50","30,76","26,84","86,86","380,70","2,46"
3/2023,Gayamsari,"74.109,0","4,0","0,0","24,95","31,73","27,89","82,37","193,85","2,08"
4/2023,Gayamsari,"74.109,0","4,0","0,0","25,30","32,68","28,53","80,70","111,30","1,87"
5/2023,Gayamsari,"74.109,0","2,0","0,0","24,94","33,69","29,25","74,55","110,90","2,03"
6/2023,Gayamsari,"74.109,0","4,0","1,0","24,85","34,03","29,1","75,43","92,25","1,94"
7/2023,Gayamsari,"74.109,0","0,0","0,0","23,47","33,80","27,90","74,50","169,65","1,83"
8/2023,Gayamsari,"74.109,0","1,0","0,0","23,38","34,68","28,42","68,73","28,70","2,27"
9/2023,Gayamsari,"74.109,0","0,0","0,0","23,58","36,08","29,30","66,35","5,00","2,52"
10/2023,Gayamsari,"74.109,0","0,0","0,0","25,30","36,68","30,69","65,60","30,1","2,50"
11/2023,Gayamsari,"74.109,0","0,0","0,0","25,48","34,85","30,75","70,42","267,90","1,93"
12/2023,Gayamsari,"74.109,0","0,0","0,0","25,55","33,46","30,21","72,21","258,50","1,76"
1/2023,Genuk,"114.303,0","6,0","0,0","24,49","30,97","27,32","85,92","382,10","2,26"
2/2023,Genuk,"114.303,0","9,0","0,0","24,50","30,76","26,84","86,86","380,70","2,46"
3/2023,Genuk,"114.303,0","7,0","1,0","24,95","31,73","27,89","82,37","193,85","2,08"
4/2023,Genuk,"114.303,0","7,0","0,0","25,30","32,68","28,53","80,70","111,30","1,87"
5/2023,Genuk,"114.303,0","0,0","0,0","24,94","33,69","29,25","74,55","110,90","2,03"
6/2023,Genuk,"114.303,0","6,0","1,0","24,85","34,03","29,1","75,43","92,25","1,94"
7/2023,Genuk,"114.303,0","0,0","0,0","23,47","33,80","27,90","74,50","169,65","1,83"
8/2023,Genuk,"114.303,0","1,0","0,0","23,38","34,68","28,42","68,73","28,70","2,27"
9/2023,Genuk,"114.303,0","1,0","0,0","23,58","36,08","29,30","66,35","5,00","2,52"
10/2023,Genuk,"114.303,0","1,0","0,0","25,30","36,68","30,69","65,60","30,1","2,50"
11/2023,Genuk,"114.303,0","0,0","0,0","25,48","34,85","30,75","70,42","267,90","1,93"
12/2023,Genuk,"114.303,0","1,0","0,0","25,55","33,46","30,21","72,21","258,50","1,76"
1/2023,Gunungpati,"94.065,0","5,0","0,0","24,49","30,97","27,32","85,92","382,10","2,26"
2/2023,Gunungpati,"94.065,0","1,0","0,0","24,50","30,76","26,84","86,86","380,70","2,46"
3/2023,Gunungpati,"94.065,0","0,0","0,0","24,95","31,73","27,89","82,37","193,85","2,08"
4/2023,Gunungpati,"94.065,0","2,0","0,0","25,30","32,68","28,53","80,70","111,30","1,87"
5/2023,Gunungpati,"94.065,0","1,0","0,0","24,94","33,69","29,25","74,55","110,90","2,03"
6/2023,Gunungpati,"94.065,0","1,0","0,0","24,85","34,03","29,1","75,43","92,25","1,94"
7/2023,Gunungpati,"94.065,0","1,0","0,0","23,47","33,80","27,90","74,50","169,65","1,83"
8/2023,Gunungpati,"94.065,0","0,0","0,0","23,38","34,68","28,42","68,73","28,70","2,27"
9/2023,Gunungpati,"94.065,0","1,0","0,0","23,58","36,08","29,30","66,35","5,00","2,52"
10/2023,Gunungpati,"94.065,0","0,0","0,0","25,30","36,68","30,69","65,60","30,1","2,50"
11/2023,Gunungpati,"94.065,0","0,0","0,0","25,48","34,85","30,75","70,42","267,90","1,93"
12/2023,Gunungpati,"94.065,0","0,0","0,0","25,55","33,46","30,21","72,21","258,50","1,76"
1/2023,Mijen,"73.728,0","5,0","0,0","24,49","30,97","27,32","85,92","382,10","2,26"
2/2023,Mijen,"73.728,0","0,0","0,0","24,50","30,76","26,84","86,86","380,70","2,46"
3/2023,Mijen,"73.728,0","3,0","0,0","24,95","31,73","27,89","82,37","193,85","2,08"
4/2023,Mijen,"73.728,0","3,0","0,0","25,30","32,68","28,53","80,70","111,30","1,87"
5/2023,Mijen,"73.728,0","4,0","0,0","24,94","33,69","29,25","74,55","110,90","2,03"
6/2023,Mijen,"73.728,0","4,0","0,0","24,85","34,03","29,1","75,43","92,25","1,94"
7/2023,Mijen,"73.728,0","0,0","0,0","23,47","33,80","27,90","74,50","169,65","1,83"
8/2023,Mijen,"73.728,0","1,0","0,0","23,38","34,68","28,42","68,73","28,70","2,27"
9/2023,Mijen,"73.728,0","0,0","0,0","23,58","36,08","29,30","66,35","5,00","2,52"
10/2023,Mijen,"73.728,0","0,0","0,0","25,30","36,68","30,69","65,60","30,1","2,50"
11/2023,Mijen,"73.728,0","0,0","0,0","25,48","34,85","30,75","70,42","267,90","1,93"
12/2023,Mijen,"73.728,0","1,0","0,0","25,55","33,46","30,21","72,21","258,50","1,76"
1/2023,Ngaliyan,"138.525,0","14,0","0,0","24,49","30,97","27,32","85,92","382,10","2,26"
2/2023,Ngaliyan,"138.525,0","5,0","0,0","24,50","30,76","26,84","86,86","380,70","2,46"
3/2023,Ngaliyan,"138.525,0","2,0","0,0","24,95","31,73","27,89","82,37","193,85","2,08"
4/2023,Ngaliyan,"138.525,0","4,0","0,0","25,30","32,68","28,53","80,70","111,30","1,87"
5/2023,Ngaliyan,"138.525,0","7,0","0,0","24,94","33,69","29,25","74,55","110,90","2,03"
6/2023,Ngaliyan,"138.525,0","3,0","0,0","24,85","34,03","29,1","75,43","92,25","1,94"
7/2023,Ngaliyan,"138.525,0","1,0","0,0","23,47","33,80","27,90","74,50","169,65","1,83"
8/2023,Ngaliyan,"138.525,0","0,0","0,0","23,38","34,68","28,42","68,73","28,70","2,27"
9/2023,Ngaliyan,"138.525,0","0,0","0,0","23,58","36,08","29,30","66,35","5,00","2,52"
10/2023,Ngaliyan,"138.525,0","1,0","0,0","25,30","36,68","30,69","65,60","30,1","2,50"
11/2023,Ngaliyan,"138.525,0","1,0","0,0","25,48","34,85","30,75","70,42","267,90","1,93"
12/2023,Ngaliyan,"138.525,0","0,0","0,0","25,55","33,46","30,21","72,21","258,50","1,76"
1/2023,Pedurungan,"192.653,0","10,0","0,0","24,49","30,97","27,32","85,92","382,10","2,26"
2/2023,Pedurungan,"192.653,0","8,0","1,0","24,50","30,76","26,84","86,86","380,70","2,46"
3/2023,Pedurungan,"192.653,0","9,0","0,0","24,95","31,73","27,89","82,37","193,85","2,08"
4/2023,Pedurungan,"192.653,0","10,0","1,0","25,30","32,68","28,53","80,70","111,30","1,87"
5/2023,Pedurungan,"192.653,0","9,0","0,0","24,94","33,69","29,25","74,55","110,90","2,03"
6/2023,Pedurungan,"192.653,0","4,0","0,0","24,85","34,03","29,1","75,43","92,25","1,94"
7/2023,Pedurungan,"192.653,0","2,0","0,0","23,47","33,80","27,90","74,50","169,65","1,83"
8/2023,Pedurungan,"192.653,0","2,0","0,0","23,38","34,68","28,42","68,73","28,70","2,27"
9/2023,Pedurungan,"192.653,0","3,0","0,0","23,58","36,08","29,30","66,35","5,00","2,52"
10/2023,Pedurungan,"192.653,0","0,0","0,0","25,30","36,68","30,69","65,60","30,1","2,50"
11/2023,Pedurungan,"192.653,0","1,0","0,0","25,48","34,85","30,75","70,42","267,90","1,93"
12/2023,Pedurungan,"192.653,0","2,0","0,0","25,55","33,46","30,21","72,21","258,50","1,76"
1/2023,Semarang Barat,"159.222,0","2,0","0,0","24,49","30,97","27,32","85,92","382,10","2,26"
2/2023,Semarang Barat,"159.222,0","2,0","0,0","24,50","30,76","26,84","86,86","380,70","2,46"
3/2023,Semarang Barat,"159.222,0","6,0","0,0","24,95","31,73","27,89","82,37","193,85","2,08"
4/2023,Semarang Barat,"159.222,0","7,0","1,0","25,30","32,68","28,53","80,70","111,30","1,87"
5/2023,Semarang Barat,"159.222,0","2,0","0,0","24,94","33,69","29,25","74,55","110,90","2,03"
6/2023,Semarang Barat,"159.222,0","2,0","0,0","24,85","34,03","29,1","75,43","92,25","1,94"
7/2023,Semarang Barat,"159.222,0","2,0","0,0","23,47","33,80","27,90","74,50","169,65","1,83"
8/2023,Semarang Barat,"159.222,0","2,0","0,0","23,38","34,68","28,42","68,73","28,70","2,27"
9/2023,Semarang Barat,"159.222,0","2,0","1,0","23,58","36,08","29,30","66,35","5,00","2,52"
10/2023,Semarang Barat,"159.222,0","0,0","0,0","25,30","36,68","30,69","65,60","30,1","2,50"
11/2023,Semarang Barat,"159.222,0","0,0","0,0","25,48","34,85","30,75","70,42","267,90","1,93"
12/2023,Semarang Barat,"159.222,0","0,0","0,0","25,55","33,46","30,21","72,21","258,50","1,76"
1/2023,Semarang Selatan,"69.530,0","0,0","0,0","24,49","30,97","27,32","85,92","382,10","2,26"
2/2023,Semarang Selatan,"69.530,0","3,0","0,0","24,50","30,76","26,84","86,86","380,70","2,46"
3/2023,Semarang Selatan,"69.530,0","0,0","0,0","24,95","31,73","27,89","82,37","193,85","2,08"
4/2023,Semarang Selatan,"69.530,0","2,0","0,0","25,30","32,68","28,53","80,70","111,30","1,87"
5/2023,Semarang Selatan,"69.530,0","1,0","0,0","24,94","33,69","29,25","74,55","110,90","2,03"
6/2023,Semarang Selatan,"69.530,0","1,0","0,0","24,85","34,03","29,1","75,43","92,25","1,94"
7/2023,Semarang Selatan,"69.530,0","1,0","1,0","23,47","33,80","27,90","74,50","169,65","1,83"
8/2023,Semarang Selatan,"69.530,0","0,0","0,0","23,38","34,68","28,42","68,73","28,70","2,27"
9/2023,Semarang Selatan,"69.530,0","0,0","0,0","23,58","36,08","29,30","66,35","5,00","2,52"
10/2023,Semarang Selatan,"69.530,0","0,0","0,0","25,30","36,68","30,69","65,60","30,1","2,50"
11/2023,Semarang Selatan,"69.530,0","0,0","0,0","25,48","34,85","30,75","70,42","267,90","1,93"
12/2023,Semarang Selatan,"69.530,0","1,0","0,0","25,55","33,46","30,21","72,21","258,50","1,76"
1/2023,Semarang Tengah,"61.288,0","0,0","0,0","24,49","30,97","27,32","85,92","382,10","2,26"
2/2023,Semarang Tengah,"61.288,0","1,0","0,0","24,50","30,76","26,84","86,86","380,70","2,46"
3/2023,Semarang Tengah,"61.288,0","0,0","0,0","24,95","31,73","27,89","82,37","193,85","2,08"
4/2023,Semarang Tengah,"61.288,0","2,0","0,0","25,30","32,68","28,53","80,70","111,30","1,87"
5/2023,Semarang Tengah,"61.288,0","1,0","0,0","24,94","33,69","29,25","74,55","110,90","2,03"
6/2023,Semarang Tengah,"61.288,0","0,0","0,0","24,85","34,03","29,1","75,43","92,25","1,94"
7/2023,Semarang Tengah,"61.288,0","0,0","0,0","23,47","33,80","27,90","74,50","169,65","1,83"
8/2023,Semarang Tengah,"61.288,0","1,0","0,0","23,38","34,68","28,42","68,73","28,70","2,27"
9/2023,Semarang Tengah,"61.288,0","0,0","0,0","23,58","36,08","29,30","66,35","5,00","2,52"
10/2023,Semarang Tengah,"61.288,0","0,0","0,0","25,30","36,68","30,69","65,60","30,1","2,50"
11/2023,Semarang Tengah,"61.288,0","0,0","0,0","25,48","34,85","30,75","70,42","267,90","1,93"
12/2023,Semarang Tengah,"61.288,0","0,0","0,0","25,55","33,46","30,21","72,21","258,50","1,76"
1/2023,Semarang Timur,"73.546,0","6,0","0,0","24,49","30,97","27,32","85,92","382,10","2,26"
2/2023,Semarang Timur,"73.546,0","3,0","0,0","24,50","30,76","26,84","86,86","380,70","2,46"
3/2023,Semarang Timur,"73.546,0","6,0","0,0","24,95","31,73","27,89","82,37","193,85","2,08"
4/2023,Semarang Timur,"73.546,0","7,0","0,0","25,30","32,68","28,53","80,70","111,30","1,87"
5/2023,Semarang Timur,"73.546,0","4,0","1,0","24,94","33,69","29,25","74,55","110,90","2,03"
6/2023,Semarang Timur,"73.546,0","4,0","0,0","24,85","34,03","29,1","75,43","92,25","1,94"
7/2023,Semarang Timur,"73.546,0","0,0","0,0","23,47","33,80","27,90","74,50","169,65","1,83"
8/2023,Semarang Timur,"73.546,0","0,0","0,0","23,38","34,68","28,42","68,73","28,70","2,27"
9/2023,Semarang Timur,"73.546,0","0,0","0,0","23,58","36,08","29,30","66,35","5,00","2,52"
10/2023,Semarang Timur,"73.546,0","0,0","0,0","25,30","36,68","30,69","65,60","30,1","2,50"
11/2023,Semarang Timur,"73.546,0","0,0","0,0","25,48","34,85","30,75","70,42","267,90","1,93"
12/2023,Semarang Timur,"73.546,0","1,0","0,0","25,55","33,46","30,21","72,21","258,50","1,76"
1/2023,Semarang Utara,"126.148,0","2,0","0,0","24,49","30,97","27,32","85,92","382,10","2,26"
2/2023,Semarang Utara,"126.148,0","4,0","0,0","24,50","30,76","26,84","86,86","380,70","2,46"
3/2023,Semarang Utara,"126.148,0","3,0","1,0","24,95","31,73","27,89","82,37","193,85","2,08"
4/2023,Semarang Utara,"126.148,0","14,0","2,0","25,30","32,68","28,53","80,70","111,30","1,87"
5/2023,Semarang Utara,"126.148,0","3,0","0,0","24,94","33,69","29,25","74,55","110,90","2,03"
6/2023,Semarang Utara,"126.148,0","4,0","0,0","24,85","34,03","29,1","75,43","92,25","1,94"
7/2023,Semarang Utara,"126.148,0","3,0","0,0","23,47","33,80","27,90","74,50","169,65","1,83"
8/2023,Semarang Utara,"126.148,0","0,0","0,0","23,38","34,68","28,42","68,73","28,70","2,27"
9/2023,Semarang Utara,"126.148,0","0,0","0,0","23,58","36,08","29,30","66,35","5,00","2,52"
10/2023,Semarang Utara,"126.148,0","0,0","0,0","25,30","36,68","30,69","65,60","30,1","2,50"
11/2023,Semarang Utara,"126.148,0","0,0","0,0","25,48","34,85","30,75","70,42","267,90","1,93"
12/2023,Semarang Utara,"126.148,0","0,0","0,0","25,55","33,46","30,21","72,21","258,50","1,76"
1/2023,Tembalang,"178.914,0","13,0","1,0","24,49","30,97","27,32","85,92","382,10","2,26"
2/2023,Tembalang,"178.914,0","13,0","0,0","24,50","30,76","26,84","86,86","380,70","2,46"
3/2023,Tembalang,"178.914,0","7,0","0,0","24,95","31,73","27,89","82,37","193,85","2,08"
4/2023,Tembalang,"178.914,0","8,0","1,0","25,30","32,68","28,53","80,70","111,30","1,87"
5/2023,Tembalang,"178.914,0","6,0","0,0","24,94","33,69","29,25","74,55","110,90","2,03"
6/2023,Tembalang,"178.914,0","3,0","0,0","24,85","34,03","29,1","75,43","92,25","1,94"
7/2023,Tembalang,"178.914,0","0,0","0,0","23,47","33,80","27,90","74,50","169,65","1,83"
8/2023,Tembalang,"178.914,0","1,0","0,0","23,38","34,68","28,42","68,73","28,70","2,27"
9/2023,Tembalang,"178.914,0","0,0","0,0","23,58","36,08","29,30","66,35","5,00","2,52"
10/2023,Tembalang,"178.914,0","0,0","0,0","25,30","36,68","30,69","65,60","30,1","2,50"
11/2023,Tembalang,"178.914,0","1,0","0,0","25,48","34,85","30,75","70,42","267,90","1,93"
12/2023,Tembalang,"178.914,0","1,0","0,0","25,55","33,46","30,21","72,21","258,50","1,76"
1/2023,Tugu,"33.634,0","0,0","0,0","24,49","30,97","27,32","85,92","382,10","2,26"
2/2023,Tugu,"33.634,0","1,0","0,0","24,50","30,76","26,84","86,86","380,70","2,46"
3/2023,Tugu,"33.634,0","1,0","0,0","24,95","31,73","27,89","82,37","193,85","2,08"
4/2023,Tugu,"33.634,0","2,0","0,0","25,30","32,68","28,53","80,70","111,30","1,87"
5/2023,Tugu,"33.634,0","1,0","0,0","24,94","33,69","29,25","74,55","110,90","2,03"
6/2023,Tugu,"33.634,0","0,0","0,0","24,85","34,03","29,1","75,43","92,25","1,94"
7/2023,Tugu,"33.634,0","0,0","0,0","23,47","33,80","27,90","74,50","169,65","1,83"
8/2023,Tugu,"33.634,0","0,0","0,0","23,38","34,68","28,42","68,73","28,70","2,27"
9/2023,Tugu,"33.634,0","0,0","0,0","23,58","36,08","29,30","66,35","5,00","2,52"
10/2023,Tugu,"33.634,0","0,0","0,0","25,30","36,68","30,69","65,60","30,1","2,50"
11/2023,Tugu,"33.634,0","0,0","0,0","25,48","34,85","30,75","70,42","267,90","1,93"
12/2023,Tugu,"33.634,0","0,0","0,0","25,55","33,46","30,21","72,21","258,50","1,76"
1/2024,Banyumanik,"139.846,0","6,0","0,0","26,30","31,80","28,30","84,00","303,40","1,54"
2/2024,Banyumanik,"139.846,0","10,0","0,0","26,30","31,60","28,20","83,00","580,50","2,00"
3/2024,Banyumanik,"139.846,0","1,0","0,0","25,64","32,29","29,35","78,84","544,70","2,16"
4/2024,Banyumanik,"139.846,0","3,0","0,0","25,81","33,83","30,44","74,37","364,10","2,13"
5/2024,Banyumanik,"139.846,0","0,0","0,0","26,15","34,74","31,35","66,23","97,00","2,16"
6/2024,Banyumanik,"139.846,0","3,0","0,0","25,2","33,75","30,24","70,13","177,70","2,00"
7/2024,Banyumanik,"139.846,0","0,0","0,0","23,21","33,80","27,56","69,03","42,80","2,13"
8/2024,Banyumanik,"139.846,0","0,0","0,0","23,94","35,03","28,67","69,87","54,20","2,23"
9/2024,Banyumanik,"139.846,0","1,0","0,0","24,72","35,03","29,47","69,97","67,70","2,4"
10/2024,Banyumanik,"139.846,0","1,0","0,0","25,23","34,85","29,99","72,23","211,00","1,97"
11/2024,Banyumanik,"139.846,0","0,0","0,0","25,53","33,49","29,26","77,53","375,30","2,00"
12/2024,Banyumanik,"139.846,0","4,0","0,0","25,39","31,73","28,19","82,81","307,70","1,9"
1/2024,Candisari,"80.625,0","0,0","0,0","26,30","31,80","28,30","84,00","303,40","1,54"
2/2024,Candisari,"80.625,0","1,0","0,0","26,30","31,60","28,20","83,00","580,50","2,00"
3/2024,Candisari,"80.625,0","2,0","0,0","25,64","32,29","29,35","78,84","544,70","2,16"
4/2024,Candisari,"80.625,0","3,0","0,0","25,81","33,83","30,44","74,37","364,10","2,13"
5/2024,Candisari,"80.625,0","3,0","0,0","26,15","34,74","31,35","66,23","97,00","2,16"
6/2024,Candisari,"80.625,0","1,0","0,0","25,2","33,75","30,24","70,13","177,70","2,00"
7/2024,Candisari,"80.625,0","0,0","0,0","23,21","33,80","27,56","69,03","42,80","2,13"
8/2024,Candisari,"80.625,0","1,0","0,0","23,94","35,03","28,67","69,87","54,20","2,23"
9/2024,Candisari,"80.625,0","1,0","0,0","24,72","35,03","29,47","69,97","67,70","2,4"
10/2024,Candisari,"80.625,0","0,0","0,0","25,23","34,85","29,99","72,23","211,00","1,97"
11/2024,Candisari,"80.625,0","2,0","0,0","25,53","33,49","29,26","77,53","375,30","2,00"
12/2024,Candisari,"80.625,0","2,0","0,0","25,39","31,73","28,19","82,81","307,70","1,9"
1/2024,Gajah Mungkur,"60.243,0","0,0","0,0","26,30","31,80","28,30","84,00","303,40","1,54"
2/2024,Gajah Mungkur,"60.243,0","2,0","0,0","26,30","31,60","28,20","83,00","580,50","2,00"
3/2024,Gajah Mungkur,"60.243,0","1,0","0,0","25,64","32,29","29,35","78,84","544,70","2,16"
4/2024,Gajah Mungkur,"60.243,0","0,0","0,0","25,81","33,83","30,44","74,37","364,10","2,13"
5/2024,Gajah Mungkur,"60.243,0","1,0","0,0","26,15","34,74","31,35","66,23","97,00","2,16"
6/2024,Gajah Mungkur,"60.243,0","4,0","0,0","25,2","33,75","30,24","70,13","177,70","2,00"
7/2024,Gajah Mungkur,"60.243,0","1,0","0,0","23,21","33,80","27,56","69,03","42,80","2,13"
8/2024,Gajah Mungkur,"60.243,0","0,0","0,0","23,94","35,03","28,67","69,87","54,20","2,23"
9/2024,Gajah Mungkur,"60.243,0","0,0","0,0","24,72","35,03","29,47","69,97","67,70","2,4"
10/2024,Gajah Mungkur,"60.243,0","2,0","0,0","25,23","34,85","29,99","72,23","211,00","1,97"
11/2024,Gajah Mungkur,"60.243,0","0,0","0,0","25,53","33,49","29,26","77,53","375,30","2,00"
12/2024,Gajah Mungkur,"60.243,0","1,0","0,0","25,39","31,73","28,19","82,81","307,70","1,9"
1/2024,Gayamsari,"74.109,0","0,0","0,0","26,30","31,80","28,30","84,00","303,40","1,54"
2/2024,Gayamsari,"74.109,0","3,0","0,0","26,30","31,60","28,20","83,00","580,50","2,00"
3/2024,Gayamsari,"74.109,0","2,0","0,0","25,64","32,29","29,35","78,84","544,70","2,16"
4/2024,Gayamsari,"74.109,0","2,0","0,0","25,81","33,83","30,44","74,37","364,10","2,13"
5/2024,Gayamsari,"74.109,0","4,0","0,0","26,15","34,74","31,35","66,23","97,00","2,16"
6/2024,Gayamsari,"74.109,0","1,0","0,0","25,2","33,75","30,24","70,13","177,70","2,00"
7/2024,Gayamsari,"74.109,0","3,0","0,0","23,21","33,80","27,56","69,03","42,80","2,13"
8/2024,Gayamsari,"74.109,0","0,0","0,0","23,94","35,03","28,67","69,87","54,20","2,23"
9/2024,Gayamsari,"74.109,0","0,0","0,0","24,72","35,03","29,47","69,97","67,70","2,4"
10/2024,Gayamsari,"74.109,0","0,0","0,0","25,23","34,85","29,99","72,23","211,00","1,97"
11/2024,Gayamsari,"74.109,0","0,0","0,0","25,53","33,49","29,26","77,53","375,30","2,00"
12/2024,Gayamsari,"74.109,0","0,0","0,0","25,39","31,73","28,19","82,81","307,70","1,9"
1/2024,Genuk,"114.303,0","1,0","0,0","26,30","31,80","28,30","84,00","303,40","1,54"
2/2024,Genuk,"114.303,0","1,0","0,0","26,30","31,60","28,20","83,00","580,50","2,00"
3/2024,Genuk,"114.303,0","2,0","0,0","25,64","32,29","29,35","78,84","544,70","2,16"
4/2024,Genuk,"114.303,0","3,0","0,0","25,81","33,83","30,44","74,37","364,10","2,13"
5/2024,Genuk,"114.303,0","5,0","0,0","26,15","34,74","31,35","66,23","97,00","2,16"
6/2024,Genuk,"114.303,0","4,0","0,0","25,2","33,75","30,24","70,13","177,70","2,00"
7/2024,Genuk,"114.303,0","3,0","0,0","23,21","33,80","27,56","69,03","42,80","2,13"
8/2024,Genuk,"114.303,0","1,0","0,0","23,94","35,03","28,67","69,87","54,20","2,23"
9/2024,Genuk,"114.303,0","0,0","0,0","24,72","35,03","29,47","69,97","67,70","2,4"
10/2024,Genuk,"114.303,0","4,0","0,0","25,23","34,85","29,99","72,23","211,00","1,97"
11/2024,Genuk,"114.303,0","1,0","0,0","25,53","33,49","29,26","77,53","375,30","2,00"
12/2024,Genuk,"114.303,0","2,0","0,0","25,39","31,73","28,19","82,81","307,70","1,9"
1/2024,Gunungpati,"94.065,0","2,0","0,0","26,30","31,80","28,30","84,00","303,40","1,54"
2/2024,Gunungpati,"94.065,0","1,0","0,0","26,30","31,60","28,20","83,00","580,50","2,00"
3/2024,Gunungpati,"94.065,0","0,0","0,0","25,64","32,29","29,35","78,84","544,70","2,16"
4/2024,Gunungpati,"94.065,0","1,0","0,0","25,81","33,83","30,44","74,37","364,10","2,13"
5/2024,Gunungpati,"94.065,0","0,0","0,0","26,15","34,74","31,35","66,23","97,00","2,16"
6/2024,Gunungpati,"94.065,0","0,0","0,0","25,2","33,75","30,24","70,13","177,70","2,00"
7/2024,Gunungpati,"94.065,0","2,0","0,0","23,21","33,80","27,56","69,03","42,80","2,13"
8/2024,Gunungpati,"94.065,0","1,0","0,0","23,94","35,03","28,67","69,87","54,20","2,23"
9/2024,Gunungpati,"94.065,0","0,0","0,0","24,72","35,03","29,47","69,97","67,70","2,4"
10/2024,Gunungpati,"94.065,0","2,0","0,0","25,23","34,85","29,99","72,23","211,00","1,97"
11/2024,Gunungpati,"94.065,0","0,0","0,0","25,53","33,49","29,26","77,53","375,30","2,00"
12/2024,Gunungpati,"94.065,0","1,0","0,0","25,39","31,73","28,19","82,81","307,70","1,9"
1/2024,Mijen,"73.728,0","3,0","0,0","26,30","31,80","28,30","84,00","303,40","1,54"
2/2024,Mijen,"73.728,0","3,0","0,0","26,30","31,60","28,20","83,00","580,50","2,00"
3/2024,Mijen,"73.728,0","1,0","0,0","25,64","32,29","29,35","78,84","544,70","2,16"
4/2024,Mijen,"73.728,0","1,0","0,0","25,81","33,83","30,44","74,37","364,10","2,13"
5/2024,Mijen,"73.728,0","2,0","0,0","26,15","34,74","31,35","66,23","97,00","2,16"
6/2024,Mijen,"73.728,0","6,0","0,0","25,2","33,75","30,24","70,13","177,70","2,00"
7/2024,Mijen,"73.728,0","2,0","0,0","23,21","33,80","27,56","69,03","42,80","2,13"
8/2024,Mijen,"73.728,0","0,0","0,0","23,94","35,03","28,67","69,87","54,20","2,23"
9/2024,Mijen,"73.728,0","0,0","0,0","24,72","35,03","29,47","69,97","67,70","2,4"
10/2024,Mijen,"73.728,0","2,0","0,0","25,23","34,85","29,99","72,23","211,00","1,97"
11/2024,Mijen,"73.728,0","2,0","0,0","25,53","33,49","29,26","77,53","375,30","2,00"
12/2024,Mijen,"73.728,0","1,0","0,0","25,39","31,73","28,19","82,81","307,70","1,9"
1/2024,Ngaliyan,"138.525,0","1,0","0,0","26,30","31,80","28,30","84,00","303,40","1,54"
2/2024,Ngaliyan,"138.525,0","5,0","0,0","26,30","31,60","28,20","83,00","580,50","2,00"
3/2024,Ngaliyan,"138.525,0","4,0","0,0","25,64","32,29","29,35","78,84","544,70","2,16"
4/2024,Ngaliyan,"138.525,0","2,0","0,0","25,81","33,83","30,44","74,37","364,10","2,13"
5/2024,Ngaliyan,"138.525,0","3,0","0,0","26,15","34,74","31,35","66,23","97,00","2,16"
6/2024,Ngaliyan,"138.525,0","1,0","0,0","25,2","33,75","30,24","70,13","177,70","2,00"
7/2024,Ngaliyan,"138.525,0","5,0","0,0","23,21","33,80","27,56","69,03","42,80","2,13"
8/2024,Ngaliyan,"138.525,0","8,0","0,0","23,94","35,03","28,67","69,87","54,20","2,23"
9/2024,Ngaliyan,"138.525,0","4,0","1,0","24,72","35,03","29,47","69,97","67,70","2,4"
10/2024,Ngaliyan,"138.525,0","0,0","0,0","25,23","34,85","29,99","72,23","211,00","1,97"
11/2024,Ngaliyan,"138.525,0","4,0","0,0","25,53","33,49","29,26","77,53","375,30","2,00"
12/2024,Ngaliyan,"138.525,0","0,0","0,0","25,39","31,73","28,19","82,81","307,70","1,9"
1/2024,Pedurungan,"192.653,0","0,0","0,0","26,30","31,80","28,30","84,00","303,40","1,54"
2/2024,Pedurungan,"192.653,0","3,0","0,0","26,30","31,60","28,20","83,00","580,50","2,00"
3/2024,Pedurungan,"192.653,0","5,0","1,0","25,64","32,29","29,35","78,84","544,70","2,16"
4/2024,Pedurungan,"192.653,0","5,0","0,0","25,81","33,83","30,44","74,37","364,10","2,13"
5/2024,Pedurungan,"192.653,0","10,0","0,0","26,15","34,74","31,35","66,23","97,00","2,16"
6/2024,Pedurungan,"192.653,0","6,0","1,0","25,2","33,75","30,24","70,13","177,70","2,00"
7/2024,Pedurungan,"192.653,0","2,0","0,0","23,21","33,80","27,56","69,03","42,80","2,13"
8/2024,Pedurungan,"192.653,0","0,0","0,0","23,94","35,03","28,67","69,87","54,20","2,23"
9/2024,Pedurungan,"192.653,0","1,0","0,0","24,72","35,03","29,47","69,97","67,70","2,4"
10/2024,Pedurungan,"192.653,0","2,0","0,0","25,23","34,85","29,99","72,23","211,00","1,97"
11/2024,Pedurungan,"192.653,0","1,0","0,0","25,53","33,49","29,26","77,53","375,30","2,00"
12/2024,Pedurungan,"192.653,0","1,0","0,0","25,39","31,73","28,19","82,81","307,70","1,9"
1/2024,Semarang Barat,"159.222,0","0,0","0,0","26,30","31,80","28,30","84,00","303,40","1,54"
2/2024,Semarang Barat,"159.222,0","2,0","0,0","26,30","31,60","28,20","83,00","580,50","2,00"
3/2024,Semarang Barat,"159.222,0","4,0","0,0","25,64","32,29","29,35","78,84","544,70","2,16"
4/2024,Semarang Barat,"159.222,0","5,0","0,0","25,81","33,83","30,44","74,37","364,10","2,13"
5/2024,Semarang Barat,"159.222,0","5,0","0,0","26,15","34,74","31,35","66,23","97,00","2,16"
6/2024,Semarang Barat,"159.222,0","2,0","0,0","25,2","33,75","30,24","70,13","177,70","2,00"
7/2024,Semarang Barat,"159.222,0","1,0","0,0","23,21","33,80","27,56","69,03","42,80","2,13"
8/2024,Semarang Barat,"159.222,0","1,0","0,0","23,94","35,03","28,67","69,87","54,20","2,23"
9/2024,Semarang Barat,"159.222,0","1,0","0,0","24,72","35,03","29,47","69,97","67,70","2,4"
10/2024,Semarang Barat,"159.222,0","0,0","0,0","25,23","34,85","29,99","72,23","211,00","1,97"
11/2024,Semarang Barat,"159.222,0","1,0","0,0","25,53","33,49","29,26","77,53","375,30","2,00"
12/2024,Semarang Barat,"159.222,0","0,0","0,0","25,39","31,73","28,19","82,81","307,70","1,9"
1/2024,Semarang Selatan,"69.530,0","2,0","0,0","26,30","31,80","28,30","84,00","303,40","1,54"
2/2024,Semarang Selatan,"69.530,0","1,0","0,0","26,30","31,60","28,20","83,00","580,50","2,00"
3/2024,Semarang Selatan,"69.530,0","2,0","0,0","25,64","32,29","29,35","78,84","544,70","2,16"
4/2024,Semarang Selatan,"69.530,0","0,0","0,0","25,81","33,83","30,44","74,37","364,10","2,13"
5/2024,Semarang Selatan,"69.530,0","2,0","0,0","26,15","34,74","31,35","66,23","97,00","2,16"
6/2024,Semarang Selatan,"69.530,0","2,0","0,0","25,2","33,75","30,24","70,13","177,70","2,00"
7/2024,Semarang Selatan,"69.530,0","1,0","0,0","23,21","33,80","27,56","69,03","42,80","2,13"
8/2024,Semarang Selatan,"69.530,0","0,0","0,0","23,94","35,03","28,67","69,87","54,20","2,23"
9/2024,Semarang Selatan,"69.530,0","0,0","0,0","24,72","35,03","29,47","69,97","67,70","2,4"
10/2024,Semarang Selatan,"69.530,0","0,0","0,0","25,23","34,85","29,99","72,23","211,00","1,97"
11/2024,Semarang Selatan,"69.530,0","0,0","0,0","25,53","33,49","29,26","77,53","375,30","2,00"
12/2024,Semarang Selatan,"69.530,0","0,0","0,0","25,39","31,73","28,19","82,81","307,70","1,9"
1/2024,Semarang Tengah,"61.288,0","0,0","0,0","26,30","31,80","28,30","84,00","303,40","1,54"
2/2024,Semarang Tengah,"61.288,0","1,0","0,0","26,30","31,60","28,20","83,00","580,50","2,00"
3/2024,Semarang Tengah,"61.288,0","1,0","0,0","25,64","32,29","29,35","78,84","544,70","2,16"
4/2024,Semarang Tengah,"61.288,0","1,0","0,0","25,81","33,83","30,44","74,37","364,10","2,13"
5/2024,Semarang Tengah,"61.288,0","2,0","0,0","26,15","34,74","31,35","66,23","97,00","2,16"
6/2024,Semarang Tengah,"61.288,0","1,0","0,0","25,2","33,75","30,24","70,13","177,70","2,00"
7/2024,Semarang Tengah,"61.288,0","0,0","0,0","23,21","33,80","27,56","69,03","42,80","2,13"
8/2024,Semarang Tengah,"61.288,0","0,0","0,0","23,94","35,03","28,67","69,87","54,20","2,23"
9/2024,Semarang Tengah,"61.288,0","1,0","0,0","24,72","35,03","29,47","69,97","67,70","2,4"
10/2024,Semarang Tengah,"61.288,0","0,0","0,0","25,23","34,85","29,99","72,23","211,00","1,97"
11/2024,Semarang Tengah,"61.288,0","0,0","0,0","25,53","33,49","29,26","77,53","375,30","2,00"
12/2024,Semarang Tengah,"61.288,0","0,0","0,0","25,39","31,73","28,19","82,81","307,70","1,9"
1/2024,Semarang Timur,"73.546,0","0,0","0,0","26,30","31,80","28,30","84,00","303,40","1,54"
2/2024,Semarang Timur,"73.546,0","3,0","0,0","26,30","31,60","28,20","83,00","580,50","2,00"
3/2024,Semarang Timur,"73.546,0","2,0","0,0","25,64","32,29","29,35","78,84","544,70","2,16"
4/2024,Semarang Timur,"73.546,0","0,0","0,0","25,81","33,83","30,44","74,37","364,10","2,13"
5/2024,Semarang Timur,"73.546,0","1,0","0,0","26,15","34,74","31,35","66,23","97,00","2,16"
6/2024,Semarang Timur,"73.546,0","3,0","0,0","25,2","33,75","30,24","70,13","177,70","2,00"
7/2024,Semarang Timur,"73.546,0","0,0","0,0","23,21","33,80","27,56","69,03","42,80","2,13"
8/2024,Semarang Timur,"73.546,0","0,0","0,0","23,94","35,03","28,67","69,87","54,20","2,23"
9/2024,Semarang Timur,"73.546,0","1,0","1,0","24,72","35,03","29,47","69,97","67,70","2,4"
10/2024,Semarang Timur,"73.546,0","1,0","0,0","25,23","34,85","29,99","72,23","211,00","1,97"
11/2024,Semarang Timur,"73.546,0","0,0","0,0","25,53","33,49","29,26","77,53","375,30","2,00"
12/2024,Semarang Timur,"73.546,0","0,0","0,0","25,39","31,73","28,19","82,81","307,70","1,9"
1/2024,Semarang Utara,"126.148,0","1,0","0,0","26,30","31,80","28,30","84,00","303,40","1,54"
2/2024,Semarang Utara,"126.148,0","0,0","0,0","26,30","31,60","28,20","83,00","580,50","2,00"
3/2024,Semarang Utara,"126.148,0","3,0","0,0","25,64","32,29","29,35","78,84","544,70","2,16"
4/2024,Semarang Utara,"126.148,0","3,0","0,0","25,81","33,83","30,44","74,37","364,10","2,13"
5/2024,Semarang Utara,"126.148,0","5,0","0,0","26,15","34,74","31,35","66,23","97,00","2,16"
6/2024,Semarang Utara,"126.148,0","1,0","0,0","25,2","33,75","30,24","70,13","177,70","2,00"
7/2024,Semarang Utara,"126.148,0","2,0","0,0","23,21","33,80","27,56","69,03","42,80","2,13"
8/2024,Semarang Utara,"126.148,0","1,0","0,0","23,94","35,03","28,67","69,87","54,20","2,23"
9/2024,Semarang Utara,"126.148,0","0,0","0,0","24,72","35,03","29,47","69,97","67,70","2,4"
10/2024,Semarang Utara,"126.148,0","0,0","0,0","25,23","34,85","29,99","72,23","211,00","1,97"
11/2024,Semarang Utara,"126.148,0","0,0","0,0","25,53","33,49","29,26","77,53","375,30","2,00"
12/2024,Semarang Utara,"126.148,0","1,0","0,0","25,39","31,73","28,19","82,81","307,70","1,9"
1/2024,Tembalang,"178.914,0","4,0","0,0","26,30","31,80","28,30","84,00","303,40","1,54"
2/2024,Tembalang,"178.914,0","5,0","0,0","26,30","31,60","28,20","83,00","580,50","2,00"
3/2024,Tembalang,"178.914,0","10,0","0,0","25,64","32,29","29,35","78,84","544,70","2,16"
4/2024,Tembalang,"178.914,0","6,0","0,0","25,81","33,83","30,44","74,37","364,10","2,13"
5/2024,Tembalang,"178.914,0","8,0","2,0","26,15","34,74","31,35","66,23","97,00","2,16"
6/2024,Tembalang,"178.914,0","6,0","0,0","25,2","33,75","30,24","70,13","177,70","2,00"
7/2024,Tembalang,"178.914,0","0,0","0,0","23,21","33,80","27,56","69,03","42,80","2,13"
8/2024,Tembalang,"178.914,0","3,0","0,0","23,94","35,03","28,67","69,87","54,20","2,23"
9/2024,Tembalang,"178.914,0","0,0","0,0","24,72","35,03","29,47","69,97","67,70","2,4"
10/2024,Tembalang,"178.914,0","1,0","0,0","25,23","34,85","29,99","72,23","211,00","1,97"
11/2024,Tembalang,"178.914,0","0,0","0,0","25,53","33,49","29,26","77,53","375,30","2,00"
12/2024,Tembalang,"178.914,0","0,0","0,0","25,39","31,73","28,19","82,81","307,70","1,9"
1/2024,Tugu,"33.634,0","0,0","0,0","26,30","31,80","28,30","84,00","303,40","1,54"
2/2024,Tugu,"33.634,0","1,0","0,0","26,30","31,60","28,20","83,00","580,50","2,00"
3/2024,Tugu,"33.634,0","3,0","0,0","25,64","32,29","29,35","78,84","544,70","2,16"
4/2024,Tugu,"33.634,0","1,0","0,0","25,81","33,83","30,44","74,37","364,10","2,13"
5/2024,Tugu,"33.634,0","1,0","0,0","26,15","34,74","31,35","66,23","97,00","2,16"
6/2024,Tugu,"33.634,0","1,0","0,0","25,2","33,75","30,24","70,13","177,70","2,00"
7/2024,Tugu,"33.634,0","0,0","0,0","23,21","33,80","27,56","69,03","42,80","2,13"
8/2024,Tugu,"33.634,0","0,0","0,0","23,94","35,03","28,67","69,87","54,20","2,23"
9/2024,Tugu,"33.634,0","0,0","0,0","24,72","35,03","29,47","69,97","67,70","2,4"
10/2024,Tugu,"33.634,0","0,0","0,0","25,23","34,85","29,99","72,23","211,00","1,97"
11/2024,Tugu,"33.634,0","1,0","0,0","25,53","33,49","29,26","77,53","375,30","2,00"
12/2024,Tugu,"33.634,0","0,0","0,0","25,39","31,73","28,19","82,81","307,70","1,9"
1/2025,Banyumanik,"144.836,0","0,0","0,0","24,66","30,61","27,17","85,84","419,60","1,84"
2/2025,Banyumanik,"144.836,0","1,0","0,0","24,91","30,98","27,44","85,00","338,80","2,32"
3/2025,Banyumanik,"144.836,0","0,0","0,0","25,28","31,78","27,79","84,26","332,50","1,84"
4/2025,Banyumanik,"144.836,0","1,0","0,0","25,25","32,45","28,21","81,13","199,20","1,43"
5/2025,Banyumanik,"144.836,0","0,0","0,0","25,24","32,95","28,38","81,77","315,00","1,52"
6/2025,Banyumanik,"144.836,0","0,0","0,0","25,08","33,18","28,44","77,97","226,00","1,67"
7/2025,Banyumanik,"144.836,0","0,0","0,0","23,94","33,25","28,02","74,23","53,00","2,06"
8/2025,Banyumanik,"144.836,0","0,0","0,0","24,94","33,21","28,38","74,74","105,40","2,26"
9/2025,Banyumanik,"144.836,0","0,0","0,0","25,11","33,97","29,02","71,80","204,90","2,23"
10/2025,Banyumanik,"144.836,0","0,0","0,0","24,92","33,69","29,12","77,06","419,30","1,84"
11/2025,Banyumanik,"144.836,0","0,0","0,0","24,63","32,12","28,2","81,70","251,00","1,6"
12/2025,Banyumanik,"144.836,0","0,0","0,0","24,78","31,55","27,99","83,39","331,20","1,52"
1/2025,Candisari,"77.400,0","3,0","0,0","24,66","30,61","27,17","85,84","419,60","1,84"
2/2025,Candisari,"77.400,0","1,0","0,0","24,91","30,98","27,44","85,00","338,80","2,32"
3/2025,Candisari,"77.400,0","0,0","0,0","25,28","31,78","27,79","84,26","332,50","1,84"
4/2025,Candisari,"77.400,0","0,0","0,0","25,25","32,45","28,21","81,13","199,20","1,43"
5/2025,Candisari,"77.400,0","0,0","0,0","25,24","32,95","28,38","81,77","315,00","1,52"
6/2025,Candisari,"77.400,0","0,0","0,0","25,08","33,18","28,44","77,97","226,00","1,67"
7/2025,Candisari,"77.400,0","0,0","0,0","23,94","33,25","28,02","74,23","53,00","2,06"
8/2025,Candisari,"77.400,0","0,0","0,0","24,94","33,21","28,38","74,74","105,40","2,26"
9/2025,Candisari,"77.400,0","1,0","0,0","25,11","33,97","29,02","71,80","204,90","2,23"
10/2025,Candisari,"77.400,0","0,0","0,0","24,92","33,69","29,12","77,06","419,30","1,84"
11/2025,Candisari,"77.400,0","0,0","0,0","24,63","32,12","28,2","81,70","251,00","1,6"
12/2025,Candisari,"77.400,0","0,0","0,0","24,78","31,55","27,99","83,39","331,20","1,52"
1/2025,Gajah Mungkur,"58.165,0","3,0","0,0","24,66","30,61","27,17","85,84","419,60","1,84"
2/2025,Gajah Mungkur,"58.165,0","3,0","0,0","24,91","30,98","27,44","85,00","338,80","2,32"
3/2025,Gajah Mungkur,"58.165,0","1,0","0,0","25,28","31,78","27,79","84,26","332,50","1,84"
4/2025,Gajah Mungkur,"58.165,0","0,0","0,0","25,25","32,45","28,21","81,13","199,20","1,43"
5/2025,Gajah Mungkur,"58.165,0","1,0","0,0","25,24","32,95","28,38","81,77","315,00","1,52"
6/2025,Gajah Mungkur,"58.165,0","0,0","0,0","25,08","33,18","28,44","77,97","226,00","1,67"
7/2025,Gajah Mungkur,"58.165,0","0,0","0,0","23,94","33,25","28,02","74,23","53,00","2,06"
8/2025,Gajah Mungkur,"58.165,0","0,0","0,0","24,94","33,21","28,38","74,74","105,40","2,26"
9/2025,Gajah Mungkur,"58.165,0","0,0","0,0","25,11","33,97","29,02","71,80","204,90","2,23"
10/2025,Gajah Mungkur,"58.165,0","0,0","0,0","24,92","33,69","29,12","77,06","419,30","1,84"
11/2025,Gajah Mungkur,"58.165,0","0,0","0,0","24,63","32,12","28,2","81,70","251,00","1,6"
12/2025,Gajah Mungkur,"58.165,0","1,0","0,0","24,78","31,55","27,99","83,39","331,20","1,52"
1/2025,Gayamsari,"71.883,0","0,0","0,0","24,66","30,61","27,17","85,84","419,60","1,84"
2/2025,Gayamsari,"71.883,0","1,0","0,0","24,91","30,98","27,44","85,00","338,80","2,32"
3/2025,Gayamsari,"71.883,0","1,0","0,0","25,28","31,78","27,79","84,26","332,50","1,84"
4/2025,Gayamsari,"71.883,0","1,0","0,0","25,25","32,45","28,21","81,13","199,20","1,43"
5/2025,Gayamsari,"71.883,0","2,0","0,0","25,24","32,95","28,38","81,77","315,00","1,52"
6/2025,Gayamsari,"71.883,0","0,0","0,0","25,08","33,18","28,44","77,97","226,00","1,67"
7/2025,Gayamsari,"71.883,0","0,0","0,0","23,94","33,25","28,02","74,23","53,00","2,06"
8/2025,Gayamsari,"71.883,0","0,0","0,0","24,94","33,21","28,38","74,74","105,40","2,26"
9/2025,Gayamsari,"71.883,0","0,0","0,0","25,11","33,97","29,02","71,80","204,90","2,23"
10/2025,Gayamsari,"71.883,0","0,0","0,0","24,92","33,69","29,12","77,06","419,30","1,84"
11/2025,Gayamsari,"71.883,0","0,0","0,0","24,63","32,12","28,2","81,70","251,00","1,6"
12/2025,Gayamsari,"71.883,0","1,0","1,0","24,78","31,55","27,99","83,39","331,20","1,52"
1/2025,Genuk,"127.755,0","4,0","0,0","24,66","30,61","27,17","85,84","419,60","1,84"
2/2025,Genuk,"127.755,0","0,0","0,0","24,91","30,98","27,44","85,00","338,80","2,32"
3/2025,Genuk,"127.755,0","3,0","0,0","25,28","31,78","27,79","84,26","332,50","1,84"
4/2025,Genuk,"127.755,0","6,0","0,0","25,25","32,45","28,21","81,13","199,20","1,43"
5/2025,Genuk,"127.755,0","3,0","0,0","25,24","32,95","28,38","81,77","315,00","1,52"
6/2025,Genuk,"127.755,0","0,0","0,0","25,08","33,18","28,44","77,97","226,00","1,67"
7/2025,Genuk,"127.755,0","1,0","0,0","23,94","33,25","28,02","74,23","53,00","2,06"
8/2025,Genuk,"127.755,0","1,0","0,0","24,94","33,21","28,38","74,74","105,40","2,26"
9/2025,Genuk,"127.755,0","0,0","0,0","25,11","33,97","29,02","71,80","204,90","2,23"
10/2025,Genuk,"127.755,0","0,0","0,0","24,92","33,69","29,12","77,06","419,30","1,84"
11/2025,Genuk,"127.755,0","0,0","0,0","24,63","32,12","28,2","81,70","251,00","1,6"
12/2025,Genuk,"127.755,0","0,0","0,0","24,78","31,55","27,99","83,39","331,20","1,52"
1/2025,Gunungpati,"101.895,0","0,0","0,0","24,66","30,61","27,17","85,84","419,60","1,84"
2/2025,Gunungpati,"101.895,0","1,0","0,0","24,91","30,98","27,44","85,00","338,80","2,32"
3/2025,Gunungpati,"101.895,0","0,0","0,0","25,28","31,78","27,79","84,26","332,50","1,84"
4/2025,Gunungpati,"101.895,0","1,0","0,0","25,25","32,45","28,21","81,13","199,20","1,43"
5/2025,Gunungpati,"101.895,0","0,0","0,0","25,24","32,95","28,38","81,77","315,00","1,52"
6/2025,Gunungpati,"101.895,0","0,0","0,0","25,08","33,18","28,44","77,97","226,00","1,67"
7/2025,Gunungpati,"101.895,0","0,0","0,0","23,94","33,25","28,02","74,23","53,00","2,06"
8/2025,Gunungpati,"101.895,0","0,0","0,0","24,94","33,21","28,38","74,74","105,40","2,26"
9/2025,Gunungpati,"101.895,0","0,0","0,0","25,11","33,97","29,02","71,80","204,90","2,23"
10/2025,Gunungpati,"101.895,0","0,0","0,0","24,92","33,69","29,12","77,06","419,30","1,84"
11/2025,Gunungpati,"101.895,0","0,0","0,0","24,63","32,12","28,2","81,70","251,00","1,6"
12/2025,Gunungpati,"101.895,0","0,0","0,0","24,78","31,55","27,99","83,39","331,20","1,52"
1/2025,Mijen,"82.432,0","0,0","0,0","24,66","30,61","27,17","85,84","419,60","1,84"
2/2025,Mijen,"82.432,0","0,0","0,0","24,91","30,98","27,44","85,00","338,80","2,32"
3/2025,Mijen,"82.432,0","2,0","0,0","25,28","31,78","27,79","84,26","332,50","1,84"
4/2025,Mijen,"82.432,0","0,0","0,0","25,25","32,45","28,21","81,13","199,20","1,43"
5/2025,Mijen,"82.432,0","0,0","0,0","25,24","32,95","28,38","81,77","315,00","1,52"
6/2025,Mijen,"82.432,0","0,0","0,0","25,08","33,18","28,44","77,97","226,00","1,67"
7/2025,Mijen,"82.432,0","0,0","0,0","23,94","33,25","28,02","74,23","53,00","2,06"
8/2025,Mijen,"82.432,0","0,0","0,0","24,94","33,21","28,38","74,74","105,40","2,26"
9/2025,Mijen,"82.432,0","0,0","0,0","25,11","33,97","29,02","71,80","204,90","2,23"
10/2025,Mijen,"82.432,0","0,0","0,0","24,92","33,69","29,12","77,06","419,30","1,84"
11/2025,Mijen,"82.432,0","0,0","0,0","24,63","32,12","28,2","81,70","251,00","1,6"
12/2025,Mijen,"82.432,0","0,0","0,0","24,78","31,55","27,99","83,39","331,20","1,52"
1/2025,Ngaliyan,"143.896,0","5,0","0,0","24,66","30,61","27,17","85,84","419,60","1,84"
2/2025,Ngaliyan,"143.896,0","1,0","0,0","24,91","30,98","27,44","85,00","338,80","2,32"
3/2025,Ngaliyan,"143.896,0","4,0","0,0","25,28","31,78","27,79","84,26","332,50","1,84"
4/2025,Ngaliyan,"143.896,0","1,0","0,0","25,25","32,45","28,21","81,13","199,20","1,43"
5/2025,Ngaliyan,"143.896,0","1,0","0,0","25,24","32,95","28,38","81,77","315,00","1,52"
6/2025,Ngaliyan,"143.896,0","0,0","0,0","25,08","33,18","28,44","77,97","226,00","1,67"
7/2025,Ngaliyan,"143.896,0","0,0","0,0","23,94","33,25","28,02","74,23","53,00","2,06"
8/2025,Ngaliyan,"143.896,0","0,0","0,0","24,94","33,21","28,38","74,74","105,40","2,26"
9/2025,Ngaliyan,"143.896,0","0,0","0,0","25,11","33,97","29,02","71,80","204,90","2,23"
10/2025,Ngaliyan,"143.896,0","1,0","1,0","24,92","33,69","29,12","77,06","419,30","1,84"
11/2025,Ngaliyan,"143.896,0","0,0","0,0","24,63","32,12","28,2","81,70","251,00","1,6"
12/2025,Ngaliyan,"143.896,0","0,0","0,0","24,78","31,55","27,99","83,39","331,20","1,52"
1/2025,Pedurungan,"199.078,0","3,0","0,0","24,66","30,61","27,17","85,84","419,60","1,84"
2/2025,Pedurungan,"199.078,0","6,0","0,0","24,91","30,98","27,44","85,00","338,80","2,32"
3/2025,Pedurungan,"199.078,0","4,0","0,0","25,28","31,78","27,79","84,26","332,50","1,84"
4/2025,Pedurungan,"199.078,0","7,0","1,0","25,25","32,45","28,21","81,13","199,20","1,43"
5/2025,Pedurungan,"199.078,0","2,0","0,0","25,24","32,95","28,38","81,77","315,00","1,52"
6/2025,Pedurungan,"199.078,0","1,0","0,0","25,08","33,18","28,44","77,97","226,00","1,67"
7/2025,Pedurungan,"199.078,0","1,0","0,0","23,94","33,25","28,02","74,23","53,00","2,06"
8/2025,Pedurungan,"199.078,0","0,0","0,0","24,94","33,21","28,38","74,74","105,40","2,26"
9/2025,Pedurungan,"199.078,0","1,0","0,0","25,11","33,97","29,02","71,80","204,90","2,23"
10/2025,Pedurungan,"199.078,0","0,0","0,0","24,92","33,69","29,12","77,06","419,30","1,84"
11/2025,Pedurungan,"199.078,0","0,0","0,0","24,63","32,12","28,2","81,70","251,00","1,6"
12/2025,Pedurungan,"199.078,0","0,0","0,0","24,78","31,55","27,99","83,39","331,20","1,52"
1/2025,Semarang Barat,"152.857,0","1,0","0,0","24,66","30,61","27,17","85,84","419,60","1,84"
2/2025,Semarang Barat,"152.857,0","2,0","1,0","24,91","30,98","27,44","85,00","338,80","2,32"
3/2025,Semarang Barat,"152.857,0","1,0","0,0","25,28","31,78","27,79","84,26","332,50","1,84"
4/2025,Semarang Barat,"152.857,0","1,0","0,0","25,25","32,45","28,21","81,13","199,20","1,43"
5/2025,Semarang Barat,"152.857,0","1,0","0,0","25,24","32,95","28,38","81,77","315,00","1,52"
6/2025,Semarang Barat,"152.857,0","1,0","0,0","25,08","33,18","28,44","77,97","226,00","1,67"
7/2025,Semarang Barat,"152.857,0","0,0","0,0","23,94","33,25","28,02","74,23","53,00","2,06"
8/2025,Semarang Barat,"152.857,0","2,0","0,0","24,94","33,21","28,38","74,74","105,40","2,26"
9/2025,Semarang Barat,"152.857,0","0,0","0,0","25,11","33,97","29,02","71,80","204,90","2,23"
10/2025,Semarang Barat,"152.857,0","0,0","0,0","24,92","33,69","29,12","77,06","419,30","1,84"
11/2025,Semarang Barat,"152.857,0","0,0","0,0","24,63","32,12","28,2","81,70","251,00","1,6"
12/2025,Semarang Barat,"152.857,0","0,0","0,0","24,78","31,55","27,99","83,39","331,20","1,52"
1/2025,Semarang Selatan,"66.632,0","1,0","0,0","24,66","30,61","27,17","85,84","419,60","1,84"
2/2025,Semarang Selatan,"66.632,0","4,0","1,0","24,91","30,98","27,44","85,00","338,80","2,32"
3/2025,Semarang Selatan,"66.632,0","2,0","0,0","25,28","31,78","27,79","84,26","332,50","1,84"
4/2025,Semarang Selatan,"66.632,0","1,0","0,0","25,25","32,45","28,21","81,13","199,20","1,43"
5/2025,Semarang Selatan,"66.632,0","1,0","0,0","25,24","32,95","28,38","81,77","315,00","1,52"
6/2025,Semarang Selatan,"66.632,0","0,0","0,0","25,08","33,18","28,44","77,97","226,00","1,67"
7/2025,Semarang Selatan,"66.632,0","0,0","0,0","23,94","33,25","28,02","74,23","53,00","2,06"
8/2025,Semarang Selatan,"66.632,0","1,0","0,0","24,94","33,21","28,38","74,74","105,40","2,26"
9/2025,Semarang Selatan,"66.632,0","1,0","0,0","25,11","33,97","29,02","71,80","204,90","2,23"
10/2025,Semarang Selatan,"66.632,0","0,0","0,0","24,92","33,69","29,12","77,06","419,30","1,84"
11/2025,Semarang Selatan,"66.632,0","0,0","0,0","24,63","32,12","28,2","81,70","251,00","1,6"
12/2025,Semarang Selatan,"66.632,0","0,0","0,0","24,78","31,55","27,99","83,39","331,20","1,52"
1/2025,Semarang Tengah,"57.461,0","0,0","0,0","24,66","30,61","27,17","85,84","419,60","1,84"
2/2025,Semarang Tengah,"57.461,0","1,0","0,0","24,91","30,98","27,44","85,00","338,80","2,32"
3/2025,Semarang Tengah,"57.461,0","1,0","0,0","25,28","31,78","27,79","84,26","332,50","1,84"
4/2025,Semarang Tengah,"57.461,0","0,0","0,0","25,25","32,45","28,21","81,13","199,20","1,43"
5/2025,Semarang Tengah,"57.461,0","0,0","0,0","25,24","32,95","28,38","81,77","315,00","1,52"
6/2025,Semarang Tengah,"57.461,0","0,0","0,0","25,08","33,18","28,44","77,97","226,00","1,67"
7/2025,Semarang Tengah,"57.461,0","0,0","0,0","23,94","33,25","28,02","74,23","53,00","2,06"
8/2025,Semarang Tengah,"57.461,0","0,0","0,0","24,94","33,21","28,38","74,74","105,40","2,26"
9/2025,Semarang Tengah,"57.461,0","0,0","0,0","25,11","33,97","29,02","71,80","204,90","2,23"
10/2025,Semarang Tengah,"57.461,0","0,0","0,0","24,92","33,69","29,12","77,06","419,30","1,84"
11/2025,Semarang Tengah,"57.461,0","0,0","0,0","24,63","32,12","28,2","81,70","251,00","1,6"
12/2025,Semarang Tengah,"57.461,0","0,0","0,0","24,78","31,55","27,99","83,39","331,20","1,52"
1/2025,Semarang Timur,"69.146,0","0,0","0,0","24,66","30,61","27,17","85,84","419,60","1,84"
2/2025,Semarang Timur,"69.146,0","1,0","0,0","24,91","30,98","27,44","85,00","338,80","2,32"
3/2025,Semarang Timur,"69.146,0","0,0","0,0","25,28","31,78","27,79","84,26","332,50","1,84"
4/2025,Semarang Timur,"69.146,0","2,0","0,0","25,25","32,45","28,21","81,13","199,20","1,43"
5/2025,Semarang Timur,"69.146,0","3,0","0,0","25,24","32,95","28,38","81,77","315,00","1,52"
6/2025,Semarang Timur,"69.146,0","2,0","0,0","25,08","33,18","28,44","77,97","226,00","1,67"
7/2025,Semarang Timur,"69.146,0","2,0","0,0","23,94","33,25","28,02","74,23","53,00","2,06"
8/2025,Semarang Timur,"69.146,0","0,0","0,0","24,94","33,21","28,38","74,74","105,40","2,26"
9/2025,Semarang Timur,"69.146,0","0,0","0,0","25,11","33,97","29,02","71,80","204,90","2,23"
10/2025,Semarang Timur,"69.146,0","0,0","0,0","24,92","33,69","29,12","77,06","419,30","1,84"
11/2025,Semarang Timur,"69.146,0","0,0","0,0","24,63","32,12","28,2","81,70","251,00","1,6"
12/2025,Semarang Timur,"69.146,0","0,0","0,0","24,78","31,55","27,99","83,39","331,20","1,52"
1/2025,Semarang Utara,"119.040,0","2,0","0,0","24,66","30,61","27,17","85,84","419,60","1,84"
2/2025,Semarang Utara,"119.040,0","3,0","0,0","24,91","30,98","27,44","85,00","338,80","2,32"
3/2025,Semarang Utara,"119.040,0","1,0","0,0","25,28","31,78","27,79","84,26","332,50","1,84"
4/2025,Semarang Utara,"119.040,0","0,0","0,0","25,25","32,45","28,21","81,13","199,20","1,43"
5/2025,Semarang Utara,"119.040,0","0,0","0,0","25,24","32,95","28,38","81,77","315,00","1,52"
6/2025,Semarang Utara,"119.040,0","0,0","0,0","25,08","33,18","28,44","77,97","226,00","1,67"
7/2025,Semarang Utara,"119.040,0","0,0","0,0","23,94","33,25","28,02","74,23","53,00","2,06"
8/2025,Semarang Utara,"119.040,0","1,0","0,0","24,94","33,21","28,38","74,74","105,40","2,26"
9/2025,Semarang Utara,"119.040,0","0,0","0,0","25,11","33,97","29,02","71,80","204,90","2,23"
10/2025,Semarang Utara,"119.040,0","0,0","0,0","24,92","33,69","29,12","77,06","419,30","1,84"
11/2025,Semarang Utara,"119.040,0","0,0","0,0","24,63","32,12","28,2","81,70","251,00","1,6"
12/2025,Semarang Utara,"119.040,0","0,0","0,0","24,78","31,55","27,99","83,39","331,20","1,52"
1/2025,Tembalang,"193.219,0","1,0","0,0","24,66","30,61","27,17","85,84","419,60","1,84"
2/2025,Tembalang,"193.219,0","0,0","0,0","24,91","30,98","27,44","85,00","338,80","2,32"
3/2025,Tembalang,"193.219,0","1,0","0,0","25,28","31,78","27,79","84,26","332,50","1,84"
4/2025,Tembalang,"193.219,0","1,0","0,0","25,25","32,45","28,21","81,13","199,20","1,43"
5/2025,Tembalang,"193.219,0","3,0","0,0","25,24","32,95","28,38","81,77","315,00","1,52"
6/2025,Tembalang,"193.219,0","1,0","0,0","25,08","33,18","28,44","77,97","226,00","1,67"
7/2025,Tembalang,"193.219,0","1,0","0,0","23,94","33,25","28,02","74,23","53,00","2,06"
8/2025,Tembalang,"193.219,0","1,0","0,0","24,94","33,21","28,38","74,74","105,40","2,26"
9/2025,Tembalang,"193.219,0","0,0","0,0","25,11","33,97","29,02","71,80","204,90","2,23"
10/2025,Tembalang,"193.219,0","0,0","0,0","24,92","33,69","29,12","77,06","419,30","1,84"
11/2025,Tembalang,"193.219,0","0,0","0,0","24,63","32,12","28,2","81,70","251,00","1,6"
12/2025,Tembalang,"193.219,0","0,0","0,0","24,78","31,55","27,99","83,39","331,20","1,52"
1/2025,Tugu,"33.890,0","0,0","0,0","24,66","30,61","27,17","85,84","419,60","1,84"
2/2025,Tugu,"33.890,0","1,0","0,0","24,91","30,98","27,44","85,00","338,80","2,32"
3/2025,Tugu,"33.890,0","0,0","0,0","25,28","31,78","27,79","84,26","332,50","1,84"
4/2025,Tugu,"33.890,0","0,0","0,0","25,25","32,45","28,21","81,13","199,20","1,43"
5/2025,Tugu,"33.890,0","0,0","0,0","25,24","32,95","28,38","81,77","315,00","1,52"
6/2025,Tugu,"33.890,0","1,0","0,0","25,08","33,18","28,44","77,97","226,00","1,67"
7/2025,Tugu,"33.890,0","0,0","0,0","23,94","33,25","28,02","74,23","53,00","2,06"
8/2025,Tugu,"33.890,0","0,0","0,0","24,94","33,21","28,38","74,74","105,40","2,26"
9/2025,Tugu,"33.890,0","0,0","0,0","25,11","33,97","29,02","71,80","204,90","2,23"
10/2025,Tugu,"33.890,0","0,0","0,0","24,92","33,69","29,12","77,06","419,30","1,84"
11/2025,Tugu,"33.890,0","0,0","0,0","24,63","32,12","28,2","81,70","251,00","1,6"
12/2025,Tugu,"33.890,0","0,0","0,0","24,78","31,55","27,99","83,39","331,20","1,52"
1/2026,Banyumanik,"145.217,0","0,0","0,0","24,23","30,06","26,74","85,87","725,00","2,39"
2/2026,Banyumanik,"145.217,0","0,0","0,0","24,51","30,60","26,98","85,93","264,70","2,29"
3/2026,Banyumanik,"145.217,0","0,0","0,0","24,83","31,52","27,61","82,87","256,60","2,35"
4/2026,Banyumanik,"145.217,0","0,0","0,0","25,55","33,32","28,82","79,10","362,10","2,30"
5/2026,Banyumanik,"145.217,0","0,0","0,0","25,52","33,49","28,95","78,85","458,90","2,10"
1/2026,Candisari,"76.594,0","0,0","0,0","24,23","30,06","26,74","85,87","725,00","2,39"
2/2026,Candisari,"76.594,0","0,0","0,0","24,51","30,60","26,98","85,93","264,70","2,29"
3/2026,Candisari,"76.594,0","0,0","0,0","24,83","31,52","27,61","82,87","256,60","2,35"
4/2026,Candisari,"76.594,0","0,0","0,0","25,55","33,32","28,82","79,10","362,10","2,30"
5/2026,Candisari,"76.594,0","1,0","0,0","25,52","33,49","28,95","78,85","458,90","2,10"
1/2026,Gajah Mungkur,"57.945,0","0,0","0,0","24,23","30,06","26,74","85,87","725,00","2,39"
2/2026,Gajah Mungkur,"57.945,0","0,0","0,0","24,51","30,60","26,98","85,93","264,70","2,29"
3/2026,Gajah Mungkur,"57.945,0","0,0","0,0","24,83","31,52","27,61","82,87","256,60","2,35"
4/2026,Gajah Mungkur,"57.945,0","0,0","0,0","25,55","33,32","28,82","79,10","362,10","2,30"
5/2026,Gajah Mungkur,"57.945,0","0,0","0,0","25,52","33,49","28,95","78,85","458,90","2,10"
1/2026,Gayamsari,"71.586,0","0,0","0,0","24,23","30,06","26,74","85,87","725,00","2,39"
2/2026,Gayamsari,"71.586,0","0,0","0,0","24,51","30,60","26,98","85,93","264,70","2,29"
3/2026,Gayamsari,"71.586,0","0,0","0,0","24,83","31,52","27,61","82,87","256,60","2,35"
4/2026,Gayamsari,"71.586,0","0,0","0,0","25,55","33,32","28,82","79,10","362,10","2,30"
5/2026,Gayamsari,"71.586,0","0,0","0,0","25,52","33,49","28,95","78,85","458,90","2,10"
1/2026,Genuk,"129.327,0","0,0","0,0","24,23","30,06","26,74","85,87","725,00","2,39"
2/2026,Genuk,"129.327,0","0,0","0,0","24,51","30,60","26,98","85,93","264,70","2,29"
3/2026,Genuk,"129.327,0","0,0","0,0","24,83","31,52","27,61","82,87","256,60","2,35"
4/2026,Genuk,"129.327,0","0,0","0,0","25,55","33,32","28,82","79,10","362,10","2,30"
5/2026,Genuk,"129.327,0","0,0","0,0","25,52","33,49","28,95","78,85","458,90","2,10"
1/2026,Gunungpati,"103.346,0","0,0","0,0","24,23","30,06","26,74","85,87","725,00","2,39"
2/2026,Gunungpati,"103.346,0","0,0","0,0","24,51","30,60","26,98","85,93","264,70","2,29"
3/2026,Gunungpati,"103.346,0","0,0","0,0","24,83","31,52","27,61","82,87","256,60","2,35"
4/2026,Gunungpati,"103.346,0","0,0","0,0","25,55","33,32","28,82","79,10","362,10","2,30"
5/2026,Gunungpati,"103.346,0","0,0","0,0","25,52","33,49","28,95","78,85","458,90","2,10"
1/2026,Mijen,"83.668,0","0,0","0,0","24,23","30,06","26,74","85,87","725,00","2,39"
2/2026,Mijen,"83.668,0","0,0","0,0","24,51","30,60","26,98","85,93","264,70","2,29"
3/2026,Mijen,"83.668,0","0,0","0,0","24,83","31,52","27,61","82,87","256,60","2,35"
4/2026,Mijen,"83.668,0","0,0","0,0","25,55","33,32","28,82","79,10","362,10","2,30"
5/2026,Mijen,"83.668,0","0,0","0,0","25,52","33,49","28,95","78,85","458,90","2,10"
1/2026,Ngaliyan,"144.055,0","0,0","0,0","24,23","30,06","26,74","85,87","725,00","2,39"
2/2026,Ngaliyan,"144.055,0","0,0","0,0","24,51","30,60","26,98","85,93","264,70","2,29"
3/2026,Ngaliyan,"144.055,0","0,0","0,0","24,83","31,52","27,61","82,87","256,60","2,35"
4/2026,Ngaliyan,"144.055,0","0,0","0,0","25,55","33,32","28,82","79,10","362,10","2,30"
5/2026,Ngaliyan,"144.055,0","0,0","0,0","25,52","33,49","28,95","78,85","458,90","2,10"
1/2026,Pedurungan,"199.634,0","0,0","0,0","24,23","30,06","26,74","85,87","725,00","2,39"
2/2026,Pedurungan,"199.634,0","0,0","0,0","24,51","30,60","26,98","85,93","264,70","2,29"
3/2026,Pedurungan,"199.634,0","0,0","0,0","24,83","31,52","27,61","82,87","256,60","2,35"
4/2026,Pedurungan,"199.634,0","0,0","0,0","25,55","33,32","28,82","79,10","362,10","2,30"
5/2026,Pedurungan,"199.634,0","0,0","0,0","25,52","33,49","28,95","78,85","458,90","2,10"
1/2026,Semarang Barat,"151.962,0","0,0","0,0","24,23","30,06","26,74","85,87","725,00","2,39"
2/2026,Semarang Barat,"151.962,0","0,0","0,0","24,51","30,60","26,98","85,93","264,70","2,29"
3/2026,Semarang Barat,"151.962,0","0,0","0,0","24,83","31,52","27,61","82,87","256,60","2,35"
4/2026,Semarang Barat,"151.962,0","0,0","0,0","25,55","33,32","28,82","79,10","362,10","2,30"
5/2026,Semarang Barat,"151.962,0","0,0","0,0","25,52","33,49","28,95","78,85","458,90","2,10"
1/2026,Semarang Selatan,"65.602,0","0,0","0,0","24,23","30,06","26,74","85,87","725,00","2,39"
2/2026,Semarang Selatan,"65.602,0","0,0","0,0","24,51","30,60","26,98","85,93","264,70","2,29"
3/2026,Semarang Selatan,"65.602,0","0,0","0,0","24,83","31,52","27,61","82,87","256,60","2,35"
4/2026,Semarang Selatan,"65.602,0","0,0","0,0","25,55","33,32","28,82","79,10","362,10","2,30"
5/2026,Semarang Selatan,"65.602,0","0,0","0,0","25,52","33,49","28,95","78,85","458,90","2,10"
1/2026,Semarang Tengah,"56.724,0","0,0","0,0","24,23","30,06","26,74","85,87","725,00","2,39"
2/2026,Semarang Tengah,"56.724,0","0,0","0,0","24,51","30,60","26,98","85,93","264,70","2,29"
3/2026,Semarang Tengah,"56.724,0","0,0","0,0","24,83","31,52","27,61","82,87","256,60","2,35"
4/2026,Semarang Tengah,"56.724,0","0,0","0,0","25,55","33,32","28,82","79,10","362,10","2,30"
5/2026,Semarang Tengah,"56.724,0","0,0","0,0","25,52","33,49","28,95","78,85","458,90","2,10"
1/2026,Semarang Timur,"68.321,0","0,0","0,0","24,23","30,06","26,74","85,87","725,00","2,39"
2/2026,Semarang Timur,"68.321,0","0,0","0,0","24,51","30,60","26,98","85,93","264,70","2,29"
3/2026,Semarang Timur,"68.321,0","1,0","0,0","24,83","31,52","27,61","82,87","256,60","2,35"
4/2026,Semarang Timur,"68.321,0","0,0","0,0","25,55","33,32","28,82","79,10","362,10","2,30"
5/2026,Semarang Timur,"68.321,0","0,0","0,0","25,52","33,49","28,95","78,85","458,90","2,10"
1/2026,Semarang Utara,"118.017,0","0,0","0,0","24,23","30,06","26,74","85,87","725,00","2,39"
2/2026,Semarang Utara,"118.017,0","0,0","0,0","24,51","30,60","26,98","85,93","264,70","2,29"
3/2026,Semarang Utara,"118.017,0","0,0","0,0","24,83","31,52","27,61","82,87","256,60","2,35"
4/2026,Semarang Utara,"118.017,0","1,0","0,0","25,55","33,32","28,82","79,10","362,10","2,30"
5/2026,Semarang Utara,"118.017,0","0,0","0,0","25,52","33,49","28,95","78,85","458,90","2,10"
1/2026,Tembalang,"194.795,0","0,0","0,0","24,23","30,06","26,74","85,87","725,00","2,39"
2/2026,Tembalang,"194.795,0","0,0","0,0","24,51","30,60","26,98","85,93","264,70","2,29"
3/2026,Tembalang,"194.795,0","0,0","0,0","24,83","31,52","27,61","82,87","256,60","2,35"
4/2026,Tembalang,"194.795,0","0,0","0,0","25,55","33,32","28,82","79,10","362,10","2,30"
5/2026,Tembalang,"194.795,0","0,0","0,0","25,52","33,49","28,95","78,85","458,90","2,10"
1/2026,Tugu,"33.865,0","0,0","0,0","24,23","30,06","26,74","85,87","725,00","2,39"
2/2026,Tugu,"33.865,0","0,0","0,0","24,51","30,60","26,98","85,93","264,70","2,29"
3/2026,Tugu,"33.865,0","0,0","0,0","24,83","31,52","27,61","82,87","256,60","2,35"
4/2026,Tugu,"33.865,0","0,0","0,0","25,55","33,32","28,82","79,10","362,10","2,30"
5/2026,Tugu,"33.865,0","0,0","0,0","25,52","33,49","28,95","78,85","458,90","2,10"